_occupied,cable,cable_end,circuit,created,custom_fields,description,display,display_url,id,last_updated,link_peers,link_peers_type,mark_connected,port_speed,pp_info,tags,term_side,termination,termination_id,termination_type,upstream_speed,url,xconnect_id
True,"{""description"": """", ""display"": ""#63"", ""id"": 63, ""label"": """", ""url"": ""http://192.168.65.40:8000/api/dcim/cables/63/""}",A,"{""cid"": ""1002840283"", ""description"": """", ""display"": ""1002840283"", ""id"": 1, ""provider"": {""description"": """", ""display"": ""CenturyLink"", ""id"": 2, ""name"": ""CenturyLink"", ""slug"": ""centurylink"", ""url"": ""http://192.168.65.40:8000/api/circuits/providers/2/""}, ""url"": ""http://192.168.65.40:8000/api/circuits/circuits/1/""}",2026-03-01T05:03:02.709127Z,{},,1002840283: Termination Z,http://192.168.65.40:8000/circuits/circuit-terminations/1/,1,2026-03-01T05:38:52.465194Z,"[{""_occupied"": true, ""cable"": {""description"": """", ""display"": ""#63"", ""id"": 63, ""label"": """", ""url"": ""http://192.168.65.40:8000/api/dcim/cables/63/""}, ""description"": """", ""device"": {""description"": """", ""display"": ""dmi01-akron-rtr01"", ""id"": 2, ""name"": ""dmi01-akron-rtr01"", ""url"": ""http://192.168.65.40:8000/api/dcim/devices/2/""}, ""display"": ""GigabitEthernet0/0/1"", ""id"": 2, ""name"": ""GigabitEthernet0/0/1"", ""url"": ""http://192.168.65.40:8000/api/dcim/interfaces/2/""}]",dcim.interface,False,,,[],Z,"{""description"": """", ""display"": ""DM-Akron"", ""id"": 3, ""name"": ""DM-Akron"", ""slug"": ""dm-akron"", ""url"": ""http://192.168.65.40:8000/api/dcim/sites/3/""}",3,dcim.site,,http://192.168.65.40:8000/api/circuits/circuit-terminations/1/,
True,"{""description"": """", ""display"": ""#64"", ""id"": 64, ""label"": """", ""url"": ""http://192.168.65.40:8000/api/dcim/cables/64/""}",A,"{""cid"": ""1002840457"", ""description"": """", ""display"": ""1002840457"", ""id"": 2, ""provider"": {""description"": """", ""display"": ""CenturyLink"", ""id"": 2, ""name"": ""CenturyLink"", ""slug"": ""centurylink"", ""url"": ""http://192.168.65.40:8000/api/circuits/providers/2/""}, ""url"": ""http://192.168.65.40:8000/api/circuits/circuits/2/""}",2026-03-01T05:03:02.794157Z,{},,1002840457: Termination Z,http://192.168.65.40:8000/circuits/circuit-terminations/2/,2,2026-03-01T05:38:52.649376Z,"[{""_occupied"": true, ""cable"": {""description"": """", ""display"": ""#64"", ""id"": 64, ""label"": """", ""url"": ""http://192.168.65.40:8000/api/dcim/cables/64/""}, ""description"": """", ""device"": {""description"": """", ""display"": ""dmi01-akron-sw01"", ""id"": 3, ""name"": ""dmi01-akron-sw01"", ""url"": ""http://192.168.65.40:8000/api/dcim/devices/3/""}, ""display"": ""GigabitEthernet1/0/5"", ""id"": 15, ""name"": ""GigabitEthernet1/0/5"", ""url"": ""http://192.168.65.40:8000/api/dcim/interfaces/15/""}]",dcim.interface,False,,,[],Z,"{""description"": """", ""display"": ""DM-Albany"", ""id"": 4, ""name"": ""DM-Albany"", ""slug"": ""dm-albany"", ""url"": ""http://192.168.65.40:8000/api/dcim/sites/4/""}",4,dcim.site,,http://192.168.65.40:8000/api/circuits/circuit-terminations/2/,
True,"{""description"": """", ""display"": ""#65"", ""id"": 65, ""label"": """", ""url"": ""http://192.168.65.40:8000/api/dcim/cables/65/""}",A,"{""cid"": ""1002841093"", ""description"": """", ""display"": ""1002841093"", ""id"": 3, ""provider"": {""description"": """", ""display"": ""CenturyLink"", ""id"": 2, ""name"": ""CenturyLink"", ""slug"": ""centurylink"", ""url"": ""http://192.168.65.40:8000/api/circuits/providers/2/""}, ""url"": ""http://192.168.65.40:8000/api/circuits/circuits/3/""}",2026-03-01T05:03:02.865583Z,{},,1002841093: Termination Z,http://192.168.65.40:8000/circuits/circuit-terminations/3/,3,2026-03-01T05:38:52.873886Z,"[{""_occupied"": true, ""cable"": {""description"": """", ""display"": ""#65"", ""id"": 65, ""label"": """", ""url"": ""http://192.168.65.40:8000/api/dcim/cables/65/""}, ""description"": """", ""device"": {""description"": """", ""display"": ""dmi01-akron-sw01"", ""id"": 3, ""name"": ""dmi01-akron-sw01"", ""url"": ""http://192.168.65.40:8000/api/dcim/devices/3/""}, ""display"": ""GigabitEthernet1/0/18"", ""id"": 28, ""name"": ""GigabitEthernet1/0/18"", ""url"": ""http://192.168.65.40:8000/api/dcim/interfaces/28/""}]",dcim.interface,False,,,[],Z,"{""description"": """", ""display"": ""DM-Binghamton"", ""id"": 5, ""name"": ""DM-Binghamton"", ""slug"": ""dm-binghamton"", ""url"": ""http://192.168.65.40:8000/api/dcim/sites/5/""}",5,dcim.site,,http://192.168.65.40:8000/api/circuits/circuit-terminations/3/,
True,"{""description"": """", ""display"": ""#66"", ""id"": 66, ""label"": """", ""url"": ""http://192.168.65.40:8000/api/dcim/cables/66/""}",A,"{""cid"": ""1002842917"", ""description"": """", ""display"": ""1002842917"", ""id"": 4, ""provider"": {""description"": """", ""display"": ""CenturyLink"", ""id"": 2, ""name"": ""CenturyLink"", ""slug"": ""centurylink"", ""url"": ""http://192.168.65.40:8000/api/circuits/providers/2/""}, ""url"": ""http://192.168.65.40:8000/api/circuits/circuits/4/""}",2026-03-01T05:03:02.941423Z,{},,1002842917: Termination Z,http://192.168.65.40:8000/circuits/circuit-terminations/4/,4,2026-03-01T05:38:53.080024Z,"[{""_occupied"": true, ""cable"": {""description"": """", ""display"": ""#66"", ""id"": 66, ""label"": """", ""url"": ""http://192.168.65.40:8000/api/dcim/cables/66/""}, ""description"": """", ""device"": {""description"": """", ""display"": ""dmi01-akron-sw01"", ""id"": 3, ""name"": ""dmi01-akron-sw01"", ""url"": ""http://192.168.65.40:8000/api/dcim/devices/3/""}, ""display"": ""GigabitEthernet1/0/31"", ""id"": 41, ""name"": ""GigabitEthernet1/0/31"", ""url"": ""http://192.168.65.40:8000/api/dcim/interfaces/41/""}]",dcim.interface,False,,,[],Z,"{""description"": """", ""display"": ""DM-Buffalo"", ""id"": 6, ""name"": ""DM-Buffalo"", ""slug"": ""dm-buffalo"", ""url"": ""http://192.168.65.40:8000/api/dcim/sites/6/""}",6,dcim.site,,http://192.168.65.40:8000/api/circuits/circuit-terminations/4/,
True,"{""description"": """", ""display"": ""#67"", ""id"": 67, ""label"": """", ""url"": ""http://192.168.65.40:8000/api/dcim/cables/67/""}",A,"{""cid"": ""1002843016"", ""description"": """", ""display"": ""1002843016"", ""id"": 5, ""provider"": {""description"": """", ""display"": ""CenturyLink"", ""id"": 2, ""name"": ""CenturyLink"", ""slug"": ""centurylink"", ""url"": ""http://192.168.65.40:8000/api/circuits/providers/2/""}, ""url"": ""http://192.168.65.40:8000/api/circuits/circuits/5/""}",2026-03-01T05:03:03.016876Z,{},,1002843016: Termination Z,http://192.168.65.40:8000/circuits/circuit-terminations/5/,5,2026-03-01T05:38:53.389959Z,"[{""_occupied"": true, ""cable"": {""description"": """", ""display"": ""#67"", ""id"": 67, ""label"": """", ""url"": ""http://192.168.65.40:8000/api/dcim/cables/67/""}, ""description"": """", ""device"": {""description"": """", ""display"": ""dmi01-akron-sw01"", ""id"": 3, ""name"": ""dmi01-akron-sw01"", ""url"": ""http://192.168.65.40:8000/api/dcim/devices/3/""}, ""display"": ""GigabitEthernet1/0/44"", ""id"": 54, ""name"": ""GigabitEthernet1/0/44"", ""url"": ""http://192.168.65.40:8000/api/dcim/interfaces/54/""}]",dcim.interface,False,,,[],Z,"{""description"": """", ""display"": ""DM-Camden"", ""id"": 7, ""name"": ""DM-Camden"", ""slug"": ""dm-camden"", ""url"": ""http://192.168.65.40:8000/api/dcim/sites/7/""}",7,dcim.site,,http://192.168.65.40:8000/api/circuits/circuit-terminations/5/,
True,"{""description"": """", ""display"": ""#68"", ""id"": 68, ""label"": """", ""url"": ""http://192.168.65.40:8000/api/dcim/cables/68/""}",A,"{""cid"": ""1002843350"", ""description"": """", ""display"": ""1002843350"", ""id"": 6, ""provider"": {""description"": """", ""display"": ""CenturyLink"", ""id"": 2, ""name"": ""CenturyLink"", ""slug"": ""centurylink"", ""url"": ""http://192.168.65.40:8000/api/circuits/providers/2/""}, ""url"": ""http://192.168.65.40:8000/api/circuits/circuits/6/""}",2026-03-01T05:03:03.107010Z,{},,1002843350: Termination Z,http://192.168.65.40:8000/circuits/circuit-terminations/6/,6,2026-03-01T05:38:53.575753Z,"[{""_occupied"": true, ""cable"": {""description"": """", ""display"": ""#68"", ""id"": 68, ""label"": """", ""url"": ""http://192.168.65.40:8000/api/dcim/cables/68/""}, ""description"": """", ""device"": {""description"": """", ""display"": ""dmi01-albany-rtr01"", ""id"": 5, ""name"": ""dmi01-albany-rtr01"", ""url"": ""http://192.168.65.40:8000/api/dcim/devices/5/""}, ""display"": ""GigabitEthernet0/1/4"", ""id"": 67, ""name"": ""GigabitEthernet0/1/4"", ""url"": ""http://192.168.65.40:8000/api/dcim/interfaces/67/""}]",dcim.interface,False,,,[],Z,"{""description"": """", ""display"": ""DM-Nashua"", ""id"": 8, ""name"": ""DM-Nashua"", ""slug"": ""dm-nashua"", ""url"": ""http://192.168.65.40:8000/api/dcim/sites/8/""}",8,dcim.site,,http://192.168.65.40:8000/api/circuits/circuit-terminations/6/,
True,"{""description"": """", ""display"": ""#69"", ""id"": 69, ""label"": """", ""url"": ""http://192.168.65.40:8000/api/dcim/cables/69/""}",A,"{""cid"": ""1002843428"", ""description"": """", ""display"": ""1002843428"", ""id"": 7, ""provider"": {""description"": """", ""display"": ""CenturyLink"", ""id"": 2, ""name"": ""CenturyLink"", ""slug"": ""centurylink"", ""url"": ""http://192.168.65.40:8000/api/circuits/providers/2/""}, ""url"": ""http://192.168.65.40:8000/api/circuits/circuits/7/""}",2026-03-01T05:03:03.204362Z,{},,1002843428: Termination Z,http://192.168.65.40:8000/circuits/circuit-terminations/7/,7,2026-03-01T05:38:53.764436Z,"[{""_occupied"": true, ""cable"": {""description"": """", ""display"": ""#69"", ""id"": 69, ""label"": """", ""url"": ""http://192.168.65.40:8000/api/dcim/cables/69/""}, ""description"": """", ""device"": {""description"": """", ""display"": ""dmi01-albany-sw01"", ""id"": 6, ""name"": ""dmi01-albany-sw01"", ""url"": ""http://192.168.65.40:8000/api/dcim/devices/6/""}, ""display"": ""GigabitEthernet1/0/8"", ""id"": 80, ""name"": ""GigabitEthernet1/0/8"", ""url"": ""http://192.168.65.40:8000/api/dcim/interfaces/80/""}]",dcim.interface,False,,,[],Z,"{""description"": """", ""display"": ""DM-Pittsfield"", ""id"": 10, ""name"": ""DM-Pittsfield"", ""slug"": ""dm-pittsfield"", ""url"": ""http://192.168.65.40:8000/api/dcim/sites/10/""}",10,dcim.site,,http://192.168.65.40:8000/api/circuits/circuit-terminations/7/,
True,"{""description"": """", ""display"": ""#70"", ""id"": 70, ""label"": """", ""url"": ""http://192.168.65.40:8000/api/dcim/cables/70/""}",A,"{""cid"": ""1002843688"", ""description"": """", ""display"": ""1002843688"", ""id"": 8, ""provider"": {""description"": """", ""display"": ""CenturyLink"", ""id"": 2, ""name"": ""CenturyLink"", ""slug"": ""centurylink"", ""url"": ""http://192.168.65.40:8000/api/circuits/providers/2/""}, ""url"": ""http://192.168.65.40:8000/api/circuits/circuits/8/""}",2026-03-01T05:03:03.278656Z,{},,1002843688: Termination Z,http://192.168.65.40:8000/circuits/circuit-terminations/8/,8,2026-03-01T05:38:54.021938Z,"[{""_occupied"": true, ""cable"": {""description"": """", ""display"": ""#70"", ""id"": 70, ""label"": """", ""url"": ""http://192.168.65.40:8000/api/dcim/cables/70/""}, ""description"": """", ""device"": {""description"": """", ""display"": ""dmi01-albany-sw01"", ""id"": 6, ""name"": ""dmi01-albany-sw01"", ""url"": ""http://192.168.65.40:8000/api/dcim/devices/6/""}, ""display"": ""GigabitEthernet1/0/21"", ""id"": 93, ""name"": ""GigabitEthernet1/0/21"", ""url"": ""http://192.168.65.40:8000/api/dcim/interfaces/93/""}]",dcim.interface,False,,,[],Z,"{""description"": """", ""display"": ""DM-Rochester"", ""id"": 11, ""name"": ""DM-Rochester"", ""slug"": ""dm-rochester"", ""url"": ""http://192.168.65.40:8000/api/dcim/sites/11/""}",11,dcim.site,,http://192.168.65.40:8000/api/circuits/circuit-terminations/8/,
True,"{""description"": """", ""display"": ""#71"", ""id"": 71, ""label"": """", ""url"": ""http://192.168.65.40:8000/api/dcim/cables/71/""}",A,"{""cid"": ""1002844901"", ""description"": """", ""display"": ""1002844901"", ""id"": 9, ""provider"": {""description"": """", ""display"": ""CenturyLink"", ""id"": 2, ""name"": ""CenturyLink"", ""slug"": ""centurylink"", ""url"": ""http://192.168.65.40:8000/api/circuits/providers/2/""}, ""url"": ""http://192.168.65.40:8000/api/circuits/circuits/9/""}",2026-03-01T05:03:03.354617Z,{},,1002844901: Termination Z,http://192.168.65.40:8000/circuits/circuit-terminations/9/,9,2026-03-01T05:38:55.250141Z,"[{""_occupied"": true, ""cable"": {""description"": """", ""display"": ""#71"", ""id"": 71, ""label"": """", ""url"": ""http://192.168.65.40:8000/api/dcim/cables/71/""}, ""description"": """", ""device"": {""description"": """", ""display"": ""dmi01-albany-sw01"", ""id"": 6, ""name"": ""dmi01-albany-sw01"", ""url"": ""http://192.168.65.40:8000/api/dcim/devices/6/""}, ""display"": ""GigabitEthernet1/0/34"", ""id"": 106, ""name"": ""GigabitEthernet1/0/34"", ""url"": ""http://192.168.65.40:8000/api/dcim/interfaces/106/""}]",dcim.interface,False,,,[],Z,"{""description"": """", ""display"": ""DM-Scranton"", ""id"": 12, ""name"": ""DM-Scranton"", ""slug"": ""dm-scranton"", ""url"": ""http://192.168.65.40:8000/api/dcim/sites/12/""}",12,dcim.site,,http://192.168.65.40:8000/api/circuits/circuit-terminations/9/,
True,"{""description"": """", ""display"": ""#72"", ""id"": 72, ""label"": """", ""url"": ""http://192.168.65.40:8000/api/dcim/cables/72/""}",A,"{""cid"": ""1002844927"", ""description"": """", ""display"": ""1002844927"", ""id"": 10, ""provider"": {""description"": """", ""display"": ""CenturyLink"", ""id"": 2, ""name"": ""CenturyLink"", ""slug"": ""centurylink"", ""url"": ""http://192.168.65.40:8000/api/circuits/providers/2/""}, ""url"": ""http://192.168.65.40:8000/api/circuits/circuits/10/""}",2026-03-01T05:03:03.431484Z,{},,1002844927: Termination Z,http://192.168.65.40:8000/circuits/circuit-terminations/10/,10,2026-03-01T05:38:56.477708Z,"[{""_occupied"": true, ""cable"": {""description"": """", ""display"": ""#72"", ""id"": 72, ""label"": """", ""url"": ""http://192.168.65.40:8000/api/dcim/cables/72/""}, ""description"": """", ""device"": {""description"": """", ""display"": ""dmi01-albany-sw01"", ""id"": 6, ""name"": ""dmi01-albany-sw01"", ""url"": ""http://192.168.65.40:8000/api/dcim/devices/6/""}, ""display"": ""GigabitEthernet1/0/47"", ""id"": 119, ""name"": ""GigabitEthernet1/0/47"", ""url"": ""http://192.168.65.40:8000/api/dcim/interfaces/119/""}]",dcim.interface,False,,,[],Z,"{""description"": """", ""display"": ""DM-Stamford"", ""id"": 13, ""name"": ""DM-Stamford"", ""slug"": ""dm-stamford"", ""url"": ""http://192.168.65.40:8000/api/dcim/sites/13/""}",13,dcim.site,,http://192.168.65.40:8000/api/circuits/circuit-terminations/10/,
True,"{""description"": """", ""display"": ""#73"", ""id"": 73, ""label"": """", ""url"": ""http://192.168.65.40:8000/api/dcim/cables/73/""}",A,"{""cid"": ""1002844978"", ""description"": """", ""display"": ""1002844978"", ""id"": 11, ""provider"": {""description"": """", ""display"": ""CenturyLink"", ""id"": 2, ""name"": ""CenturyLink"", ""slug"": ""centurylink"", ""url"": ""http://192.168.65.40:8000/api/circuits/providers/2/""}, ""url"": ""http://192.168.65.40:8000/api/circuits/circuits/11/""}",2026-03-01T05:03:03.515561Z,{},,1002844978: Termination Z,http://192.168.65.40:8000/circuits/circuit-terminations/11/,11,2026-03-01T05:38:56.782548Z,"[{""_occupied"": true, ""cable"": {""description"": """", ""display"": ""#73"", ""id"": 73, ""label"": """", ""url"": ""http://192.168.65.40:8000/api/dcim/cables/73/""}, ""description"": """", ""device"": {""description"": """", ""display"": ""dmi01-binghamton-rtr01"", ""id"": 8, ""name"": ""dmi01-binghamton-rtr01"", ""url"": ""http://192.168.65.40:8000/api/dcim/devices/8/""}, ""display"": ""GigabitEthernet0/1/7"", ""id"": 132, ""name"": ""GigabitEthernet0/1/7"", ""url"": ""http://192.168.65.40:8000/api/dcim/interfaces/132/""}]",dcim.interface,False,,,[],Z,"{""description"": """", ""display"": ""DM-Syracuse"", ""id"": 14, ""name"": ""DM-Syracuse"", ""slug"": ""dm-syracuse"", ""url"": ""http://192.168.65.40:8000/api/dcim/sites/14/""}",14,dcim.site,,http://192.168.65.40:8000/api/circuits/circuit-terminations/11/,
True,"{""description"": """", ""display"": ""#74"", ""id"": 74, ""label"": """", ""url"": ""http://192.168.65.40:8000/api/dcim/cables/74/""}",A,"{""cid"": ""1002845894"", ""description"": """", ""display"": ""1002845894"", ""id"": 12, ""provider"": {""description"": """", ""display"": ""CenturyLink"", ""id"": 2, ""name"": ""CenturyLink"", ""slug"": ""centurylink"", ""url"": ""http://192.168.65.40:8000/api/circuits/providers/2/""}, ""url"": ""http://192.168.65.40:8000/api/circuits/circuits/12/""}",2026-03-01T05:03:03.587671Z,{},,1002845894: Termination Z,http://192.168.65.40:8000/circuits/circuit-terminations/12/,12,2026-03-01T05:38:57.074562Z,"[{""_occupied"": true, ""cable"": {""description"": """", ""display"": ""#74"", ""id"": 74, ""label"": """", ""url"": ""http://192.168.65.40:8000/api/dcim/cables/74/""}, ""description"": """", ""device"": {""description"": """", ""display"": ""dmi01-binghamton-sw01"", ""id"": 9, ""name"": ""dmi01-binghamton-sw01"", ""url"": ""http://192.168.65.40:8000/api/dcim/devices/9/""}, ""display"": ""GigabitEthernet1/0/11"", ""id"": 145, ""name"": ""GigabitEthernet1/0/11"", ""url"": ""http://192.168.65.40:8000/api/dcim/interfaces/145/""}]",dcim.interface,False,,,[],Z,"{""description"": """", ""display"": ""DM-Utica"", ""id"": 15, ""name"": ""DM-Utica"", ""slug"": ""dm-utica"", ""url"": ""http://192.168.65.40:8000/api/dcim/sites/15/""}",15,dcim.site,,http://192.168.65.40:8000/api/circuits/circuit-terminations/12/,
True,"{""description"": """", ""display"": ""#75"", ""id"": 75, ""label"": """", ""url"": ""http://192.168.65.40:8000/api/dcim/cables/75/""}",A,"{""cid"": ""1002847289"", ""description"": """", ""display"": ""1002847289"", ""id"": 13, ""provider"": {""description"": """", ""display"": ""CenturyLink"", ""id"": 2, ""name"": ""CenturyLink"", ""slug"": ""centurylink"", ""url"": ""http://192.168.65.40:8000/api/circuits/providers/2/""}, ""url"": ""http://192.168.65.40:8000/api/circuits/circuits/13/""}",2026-03-01T05:03:03.672554Z,{},,1002847289: Termination Z,http://192.168.65.40:8000/circuits/circuit-terminations/13/,13,2026-03-01T05:38:57.417715Z,"[{""_occupied"": true, ""cable"": {""description"": """", ""display"": ""#75"", ""id"": 75, ""label"": """", ""url"": ""http://192.168.65.40:8000/api/dcim/cables/75/""}, ""description"": """", ""device"": {""description"": """", ""display"": ""dmi01-binghamton-sw01"", ""id"": 9, ""name"": ""dmi01-binghamton-sw01"", ""url"": ""http://192.168.65.40:8000/api/dcim/devices/9/""}, ""display"": ""GigabitEthernet1/0/24"", ""id"": 158, ""name"": ""GigabitEthernet1/0/24"", ""url"": ""http://192.168.65.40:8000/api/dcim/interfaces/158/""}]",dcim.interface,False,,,[],Z,"{""description"": """", ""display"": ""DM-Yonkers"", ""id"": 16, ""name"": ""DM-Yonkers"", ""slug"": ""dm-yonkers"", ""url"": ""http://192.168.65.40:8000/api/dcim/sites/16/""}",16,dcim.site,,http://192.168.65.40:8000/api/circuits/circuit-terminations/13/,
False,,,"{""cid"": ""DEOW4921"", ""description"": """", ""display"": ""DEOW4921"", ""id"": 14, ""provider"": {""description"": """", ""display"": ""Level 3"", ""id"": 5, ""name"": ""Level 3"", ""slug"": ""level-3"", ""url"": ""http://192.168.65.40:8000/api/circuits/providers/5/""}, ""url"": ""http://192.168.65.40:8000/api/circuits/circuits/14/""}",2026-03-01T05:03:03.744715Z,{},,DEOW4921: Termination A,http://192.168.65.40:8000/circuits/circuit-terminations/14/,14,2026-03-01T05:03:03.744733Z,[],,False,,,[],A,"{""description"": """", ""display"": ""Level3 MPLS"", ""id"": 1, ""name"": ""Level3 MPLS"", ""url"": ""http://192.168.65.40:8000/api/circuits/provider-networks/1/""}",1,circuits.providernetwork,,http://192.168.65.40:8000/api/circuits/circuit-terminations/14/,
True,"{""description"": """", ""display"": ""#50"", ""id"": 50, ""label"": """", ""url"": ""http://192.168.65.40:8000/api/dcim/cables/50/""}",A,"{""cid"": ""DEOW4921"", ""description"": """", ""display"": ""DEOW4921"", ""id"": 14, ""provider"": {""description"": """", ""display"": ""Level 3"", ""id"": 5, ""name"": ""Level 3"", ""slug"": ""level-3"", ""url"": ""http://192.168.65.40:8000/api/circuits/providers/5/""}, ""url"": ""http://192.168.65.40:8000/api/circuits/circuits/14/""}",2026-03-01T05:03:03.824900Z,{},,DEOW4921: Termination Z,http://192.168.65.40:8000/circuits/circuit-terminations/15/,15,2026-03-01T05:38:46.959982Z,"[{""_occupied"": true, ""cable"": {""description"": """", ""display"": ""#50"", ""id"": 50, ""label"": """", ""url"": ""http://192.168.65.40:8000/api/dcim/cables/50/""}, ""description"": """", ""device"": {""description"": """", ""display"": ""dmi01-binghamton-sw01"", ""id"": 9, ""name"": ""dmi01-binghamton-sw01"", ""url"": ""http://192.168.65.40:8000/api/dcim/devices/9/""}, ""display"": ""GigabitEthernet1/0/23"", ""id"": 157, ""name"": ""GigabitEthernet1/0/23"", ""url"": ""http://192.168.65.40:8000/api/dcim/interfaces/157/""}]",dcim.interface,False,,,[],Z,"{""description"": """", ""display"": ""DM-Yonkers"", ""id"": 16, ""name"": ""DM-Yonkers"", ""slug"": ""dm-yonkers"", ""url"": ""http://192.168.65.40:8000/api/dcim/sites/16/""}",16,dcim.site,,http://192.168.65.40:8000/api/circuits/circuit-terminations/15/,
False,,,"{""cid"": ""DJDP9577"", ""description"": """", ""display"": ""DJDP9577"", ""id"": 15, ""provider"": {""description"": """", ""display"": ""Level 3"", ""id"": 5, ""name"": ""Level 3"", ""slug"": ""level-3"", ""url"": ""http://192.168.65.40:8000/api/circuits/providers/5/""}, ""url"": ""http://192.168.65.40:8000/api/circuits/circuits/15/""}",2026-03-01T05:03:03.897581Z,{},,DJDP9577: Termination A,http://192.168.65.40:8000/circuits/circuit-terminations/16/,16,2026-03-01T05:03:03.897599Z,[],,False,,,[],A,"{""description"": """", ""display"": ""Level3 MPLS"", ""id"": 1, ""name"": ""Level3 MPLS"", ""url"": ""http://192.168.65.40:8000/api/circuits/provider-networks/1/""}",1,circuits.providernetwork,,http://192.168.65.40:8000/api/circuits/circuit-terminations/16/,
True,"{""description"": """", ""display"": ""#51"", ""id"": 51, ""label"": """", ""url"": ""http://192.168.65.40:8000/api/dcim/cables/51/""}",A,"{""cid"": ""DJDP9577"", ""description"": """", ""display"": ""DJDP9577"", ""id"": 15, ""provider"": {""description"": """", ""display"": ""Level 3"", ""id"": 5, ""name"": ""Level 3"", ""slug"": ""level-3"", ""url"": ""http://192.168.65.40:8000/api/circuits/providers/5/""}, ""url"": ""http://192.168.65.40:8000/api/circuits/circuits/15/""}",2026-03-01T05:03:03.978894Z,{},,DJDP9577: Termination Z,http://192.168.65.40:8000/circuits/circuit-terminations/17/,17,2026-03-01T05:38:47.244062Z,"[{""_occupied"": true, ""cable"": {""description"": """", ""display"": ""#51"", ""id"": 51, ""label"": """", ""url"": ""http://192.168.65.40:8000/api/dcim/cables/51/""}, ""description"": """", ""device"": {""description"": """", ""display"": ""dmi01-albany-sw01"", ""id"": 6, ""name"": ""dmi01-albany-sw01"", ""url"": ""http://192.168.65.40:8000/api/dcim/devices/6/""}, ""display"": ""GigabitEthernet1/0/46"", ""id"": 118, ""name"": ""GigabitEthernet1/0/46"", ""url"": ""http://192.168.65.40:8000/api/dcim/interfaces/118/""}]",dcim.interface,False,,,[],Z,"{""description"": """", ""display"": ""DM-Stamford"", ""id"": 13, ""name"": ""DM-Stamford"", ""slug"": ""dm-stamford"", ""url"": ""http://192.168.65.40:8000/api/dcim/sites/13/""}",13,dcim.site,,http://192.168.65.40:8000/api/circuits/circuit-terminations/17/,
False,,,"{""cid"": ""DOQHD947"", ""description"": """", ""display"": ""DOQHD947"", ""id"": 16, ""provider"": {""description"": """", ""display"": ""Level 3"", ""id"": 5, ""name"": ""Level 3"", ""slug"": ""level-3"", ""url"": ""http://192.168.65.40:8000/api/circuits/providers/5/""}, ""url"": ""http://192.168.65.40:8000/api/circuits/circuits/16/""}",2026-03-01T05:03:04.062213Z,{},,DOQHD947: Termination A,http://192.168.65.40:8000/circuits/circuit-terminations/18/,18,2026-03-01T05:03:04.062230Z,[],,False,,,[],A,"{""description"": """", ""display"": ""Level3 MPLS"", ""id"": 1, ""name"": ""Level3 MPLS"", ""url"": ""http://192.168.65.40:8000/api/circuits/provider-networks/1/""}",1,circuits.providernetwork,,http://192.168.65.40:8000/api/circuits/circuit-terminations/18/,
True,"{""description"": """", ""display"": ""#52"", ""id"": 52, ""label"": """", ""url"": ""http://192.168.65.40:8000/api/dcim/cables/52/""}",A,"{""cid"": ""DOQHD947"", ""description"": """", ""display"": ""DOQHD947"", ""id"": 16, ""provider"": {""description"": """", ""display"": ""Level 3"", ""id"": 5, ""name"": ""Level 3"", ""slug"": ""level-3"", ""url"": ""http://192.168.65.40:8000/api/circuits/providers/5/""}, ""url"": ""http://192.168.65.40:8000/api/circuits/circuits/16/""}",2026-03-01T05:03:04.133348Z,{},,DOQHD947: Termination Z,http://192.168.65.40:8000/circuits/circuit-terminations/19/,19,2026-03-01T05:38:47.445967Z,"[{""_occupied"": true, ""cable"": {""description"": """", ""display"": ""#52"", ""id"": 52, ""label"": """", ""url"": ""http://192.168.65.40:8000/api/dcim/cables/52/""}, ""description"": """", ""device"": {""description"": """", ""display"": ""dmi01-albany-sw01"", ""id"": 6, ""name"": ""dmi01-albany-sw01"", ""url"": ""http://192.168.65.40:8000/api/dcim/devices/6/""}, ""display"": ""GigabitEthernet1/0/33"", ""id"": 105, ""name"": ""GigabitEthernet1/0/33"", ""url"": ""http://192.168.65.40:8000/api/dcim/interfaces/105/""}]",dcim.interface,False,,,[],Z,"{""description"": """", ""display"": ""DM-Scranton"", ""id"": 12, ""name"": ""DM-Scranton"", ""slug"": ""dm-scranton"", ""url"": ""http://192.168.65.40:8000/api/dcim/sites/12/""}",12,dcim.site,,http://192.168.65.40:8000/api/circuits/circuit-terminations/19/,
False,,,"{""cid"": ""JHEW3951"", ""description"": """", ""display"": ""JHEW3951"", ""id"": 17, ""provider"": {""description"": """", ""display"": ""Level 3"", ""id"": 5, ""name"": ""Level 3"", ""slug"": ""level-3"", ""url"": ""http://192.168.65.40:8000/api/circuits/providers/5/""}, ""url"": ""http://192.168.65.40:8000/api/circuits/circuits/17/""}",2026-03-01T05:03:04.241846Z,{},,JHEW3951: Termination A,http://192.168.65.40:8000/circuits/circuit-terminations/20/,20,2026-03-01T05:03:04.241863Z,[],,False,,,[],A,"{""description"": """", ""display"": ""Level3 MPLS"", ""id"": 1, ""name"": ""Level3 MPLS"", ""url"": ""http://192.168.65.40:8000/api/circuits/provider-networks/1/""}",1,circuits.providernetwork,,http://192.168.65.40:8000/api/circuits/circuit-terminations/20/,
True,"{""description"": """", ""display"": ""#53"", ""id"": 53, ""label"": """", ""url"": ""http://192.168.65.40:8000/api/dcim/cables/53/""}",A,"{""cid"": ""JHEW3951"", ""description"": """", ""display"": ""JHEW3951"", ""id"": 17, ""provider"": {""description"": """", ""display"": ""Level 3"", ""id"": 5, ""name"": ""Level 3"", ""slug"": ""level-3"", ""url"": ""http://192.168.65.40:8000/api/circuits/providers/5/""}, ""url"": ""http://192.168.65.40:8000/api/circuits/circuits/17/""}",2026-03-01T05:03:04.311892Z,{},,JHEW3951: Termination Z,http://192.168.65.40:8000/circuits/circuit-terminations/21/,21,2026-03-01T05:38:47.758979Z,"[{""_occupied"": true, ""cable"": {""description"": """", ""display"": ""#53"", ""id"": 53, ""label"": """", ""url"": ""http://192.168.65.40:8000/api/dcim/cables/53/""}, ""description"": """", ""device"": {""description"": """", ""display"": ""dmi01-akron-sw01"", ""id"": 3, ""name"": ""dmi01-akron-sw01"", ""url"": ""http://192.168.65.40:8000/api/dcim/devices/3/""}, ""display"": ""GigabitEthernet1/0/4"", ""id"": 14, ""name"": ""GigabitEthernet1/0/4"", ""url"": ""http://192.168.65.40:8000/api/dcim/interfaces/14/""}]",dcim.interface,False,,,[],Z,"{""description"": """", ""display"": ""DM-Albany"", ""id"": 4, ""name"": ""DM-Albany"", ""slug"": ""dm-albany"", ""url"": ""http://192.168.65.40:8000/api/dcim/sites/4/""}",4,dcim.site,,http://192.168.65.40:8000/api/circuits/circuit-terminations/21/,
False,,,"{""cid"": ""KAGO3917"", ""description"": """", ""display"": ""KAGO3917"", ""id"": 18, ""provider"": {""description"": """", ""display"": ""Level 3"", ""id"": 5, ""name"": ""Level 3"", ""slug"": ""level-3"", ""url"": ""http://192.168.65.40:8000/api/circuits/providers/5/""}, ""url"": ""http://192.168.65.40:8000/api/circuits/circuits/18/""}",2026-03-01T05:03:04.385960Z,{},,KAGO3917: Termination A,http://192.168.65.40:8000/circuits/circuit-terminations/22/,22,2026-03-01T05:03:04.385978Z,[],,False,,,[],A,"{""description"": """", ""display"": ""Level3 MPLS"", ""id"": 1, ""name"": ""Level3 MPLS"", ""url"": ""http://192.168.65.40:8000/api/circuits/provider-networks/1/""}",1,circuits.providernetwork,,http://192.168.65.40:8000/api/circuits/circuit-terminations/22/,
True,"{""description"": """", ""display"": ""#54"", ""id"": 54, ""label"": """", ""url"": ""http://192.168.65.40:8000/api/dcim/cables/54/""}",A,"{""cid"": ""KAGO3917"", ""description"": """", ""display"": ""KAGO3917"", ""id"": 18, ""provider"": {""description"": """", ""display"": ""Level 3"", ""id"": 5, ""name"": ""Level 3"", ""slug"": ""level-3"", ""url"": ""http://192.168.65.40:8000/api/circuits/providers/5/""}, ""url"": ""http://192.168.65.40:8000/api/circuits/circuits/18/""}",2026-03-01T05:03:04.457141Z,{},,KAGO3917: Termination Z,http://192.168.65.40:8000/circuits/circuit-terminations/23/,23,2026-03-01T05:38:47.960051Z,"[{""_occupied"": true, ""cable"": {""description"": """", ""display"": ""#54"", ""id"": 54, ""label"": """", ""url"": ""http://192.168.65.40:8000/api/dcim/cables/54/""}, ""description"": """", ""device"": {""description"": """", ""display"": ""dmi01-akron-sw01"", ""id"": 3, ""name"": ""dmi01-akron-sw01"", ""url"": ""http://192.168.65.40:8000/api/dcim/devices/3/""}, ""display"": ""GigabitEthernet1/0/43"", ""id"": 53, ""name"": ""GigabitEthernet1/0/43"", ""url"": ""http://192.168.65.40:8000/api/dcim/interfaces/53/""}]",dcim.interface,False,,,[],Z,"{""description"": """", ""display"": ""DM-Camden"", ""id"": 7, ""name"": ""DM-Camden"", ""slug"": ""dm-camden"", ""url"": ""http://192.168.65.40:8000/api/dcim/sites/7/""}",7,dcim.site,,http://192.168.65.40:8000/api/circuits/circuit-terminations/23/,
False,,,"{""cid"": ""KDPO0597"", ""description"": """", ""display"": ""KDPO0597"", ""id"": 19, ""provider"": {""description"": """", ""display"": ""Level 3"", ""id"": 5, ""name"": ""Level 3"", ""slug"": ""level-3"", ""url"": ""http://192.168.65.40:8000/api/circuits/providers/5/""}, ""url"": ""http://192.168.65.40:8000/api/circuits/circuits/19/""}",2026-03-01T05:03:04.538195Z,{},,KDPO0597: Termination A,http://192.168.65.40:8000/circuits/circuit-terminations/24/,24,2026-03-01T05:03:04.538212Z,[],,False,,,[],A,"{""description"": """", ""display"": ""Level3 MPLS"", ""id"": 1, ""name"": ""Level3 MPLS"", ""url"": ""http://192.168.65.40:8000/api/circuits/provider-networks/1/""}",1,circuits.providernetwork,,http://192.168.65.40:8000/api/circuits/circuit-terminations/24/,
True,"{""description"": """", ""display"": ""#55"", ""id"": 55, ""label"": """", ""url"": ""http://192.168.65.40:8000/api/dcim/cables/55/""}",A,"{""cid"": ""KDPO0597"", ""description"": """", ""display"": ""KDPO0597"", ""id"": 19, ""provider"": {""description"": """", ""display"": ""Level 3"", ""id"": 5, ""name"": ""Level 3"", ""slug"": ""level-3"", ""url"": ""http://192.168.65.40:8000/api/circuits/providers/5/""}, ""url"": ""http://192.168.65.40:8000/api/circuits/circuits/19/""}",2026-03-01T05:03:04.613135Z,{},,KDPO0597: Termination Z,http://192.168.65.40:8000/circuits/circuit-terminations/25/,25,2026-03-01T05:38:48.699842Z,"[{""_occupied"": true, ""cable"": {""description"": """", ""display"": ""#55"", ""id"": 55, ""label"": """", ""url"": ""http://192.168.65.40:8000/api/dcim/cables/55/""}, ""description"": """", ""device"": {""description"": """", ""display"": ""dmi01-binghamton-rtr01"", ""id"": 8, ""name"": ""dmi01-binghamton-rtr01"", ""url"": ""http://192.168.65.40:8000/api/dcim/devices/8/""}, ""display"": ""GigabitEthernet0/1/6"", ""id"": 131, ""name"": ""GigabitEthernet0/1/6"", ""url"": ""http://192.168.65.40:8000/api/dcim/interfaces/131/""}]",dcim.interface,False,,,[],Z,"{""description"": """", ""display"": ""DM-Syracuse"", ""id"": 14, ""name"": ""DM-Syracuse"", ""slug"": ""dm-syracuse"", ""url"": ""http://192.168.65.40:8000/api/dcim/sites/14/""}",14,dcim.site,,http://192.168.65.40:8000/api/circuits/circuit-terminations/25/,
False,,,"{""cid"": ""KKDG4923"", ""description"": """", ""display"": ""KKDG4923"", ""id"": 20, ""provider"": {""description"": """", ""display"": ""Level 3"", ""id"": 5, ""name"": ""Level 3"", ""slug"": ""level-3"", ""url"": ""http://192.168.65.40:8000/api/circuits/providers/5/""}, ""url"": ""http://192.168.65.40:8000/api/circuits/circuits/20/""}",2026-03-01T05:03:04.870248Z,{},,KKDG4923: Termination A,http://192.168.65.40:8000/circuits/circuit-terminations/26/,26,2026-03-01T05:03:04.870266Z,[],,False,,,[],A,"{""description"": """", ""display"": ""Level3 MPLS"", ""id"": 1, ""name"": ""Level3 MPLS"", ""url"": ""http://192.168.65.40:8000/api/circuits/provider-networks/1/""}",1,circuits.providernetwork,,http://192.168.65.40:8000/api/circuits/circuit-terminations/26/,
True,"{""description"": """", ""display"": ""#56"", ""id"": 56, ""label"": """", ""url"": ""http://192.168.65.40:8000/api/dcim/cables/56/""}",A,"{""cid"": ""KKDG4923"", ""description"": """", ""display"": ""KKDG4923"", ""id"": 20, ""provider"": {""description"": """", ""display"": ""Level 3"", ""id"": 5, ""name"": ""Level 3"", ""slug"": ""level-3"", ""url"": ""http://192.168.65.40:8000/api/circuits/providers/5/""}, ""url"": ""http://192.168.65.40:8000/api/circuits/circuits/20/""}",2026-03-01T05:03:06.023422Z,{},,KKDG4923: Termination Z,http://192.168.65.40:8000/circuits/circuit-terminations/27/,27,2026-03-01T05:38:49.504873Z,"[{""_occupied"": true, ""cable"": {""description"": """", ""display"": ""#56"", ""id"": 56, ""label"": """", ""url"": ""http://192.168.65.40:8000/api/dcim/cables/56/""}, ""description"": """", ""device"": {""description"": """", ""display"": ""dmi01-akron-rtr01"", ""id"": 2, ""name"": ""dmi01-akron-rtr01"", ""url"": ""http://192.168.65.40:8000/api/dcim/devices/2/""}, ""display"": ""GigabitEthernet0/0/0"", ""id"": 1, ""name"": ""GigabitEthernet0/0/0"", ""url"": ""http://192.168.65.40:8000/api/dcim/interfaces/1/""}]",dcim.interface,False,,,[],Z,"{""description"": """", ""display"": ""DM-Akron"", ""id"": 3, ""name"": ""DM-Akron"", ""slug"": ""dm-akron"", ""url"": ""http://192.168.65.40:8000/api/dcim/sites/3/""}",3,dcim.site,,http://192.168.65.40:8000/api/circuits/circuit-terminations/27/,
False,,,"{""cid"": ""KLQU4018"", ""description"": """", ""display"": ""KLQU4018"", ""id"": 21, ""provider"": {""description"": """", ""display"": ""Level 3"", ""id"": 5, ""name"": ""Level 3"", ""slug"": ""level-3"", ""url"": ""http://192.168.65.40:8000/api/circuits/providers/5/""}, ""url"": ""http://192.168.65.40:8000/api/circuits/circuits/21/""}",2026-03-01T05:03:06.714699Z,{},,KLQU4018: Termination A,http://192.168.65.40:8000/circuits/circuit-terminations/28/,28,2026-03-01T05:03:06.714716Z,[],,False,,,[],A,"{""description"": """", ""display"": ""Level3 MPLS"", ""id"": 1, ""name"": ""Level3 MPLS"", ""url"": ""http://192.168.65.40:8000/api/circuits/provider-networks/1/""}",1,circuits.providernetwork,,http://192.168.65.40:8000/api/circuits/circuit-terminations/28/,
True,"{""description"": """", ""display"": ""#57"", ""id"": 57, ""label"": """", ""url"": ""http://192.168.65.40:8000/api/dcim/cables/57/""}",A,"{""cid"": ""KLQU4018"", ""description"": """", ""display"": ""KLQU4018"", ""id"": 21, ""provider"": {""description"": """", ""display"": ""Level 3"", ""id"": 5, ""name"": ""Level 3"", ""slug"": ""level-3"", ""url"": ""http://192.168.65.40:8000/api/circuits/providers/5/""}, ""url"": ""http://192.168.65.40:8000/api/circuits/circuits/21/""}",2026-03-01T05:03:06.792575Z,{},,KLQU4018: Termination Z,http://192.168.65.40:8000/circuits/circuit-terminations/29/,29,2026-03-01T05:38:49.820485Z,"[{""_occupied"": true, ""cable"": {""description"": """", ""display"": ""#57"", ""id"": 57, ""label"": """", ""url"": ""http://192.168.65.40:8000/api/dcim/cables/57/""}, ""description"": """", ""device"": {""description"": """", ""display"": ""dmi01-albany-rtr01"", ""id"": 5, ""name"": ""dmi01-albany-rtr01"", ""url"": ""http://192.168.65.40:8000/api/dcim/devices/5/""}, ""display"": ""GigabitEthernet0/1/3"", ""id"": 66, ""name"": ""GigabitEthernet0/1/3"", ""url"": ""http://192.168.65.40:8000/api/dcim/interfaces/66/""}]",dcim.interface,False,,,[],Z,"{""description"": """", ""display"": ""DM-Nashua"", ""id"": 8, ""name"": ""DM-Nashua"", ""slug"": ""dm-nashua"", ""url"": ""http://192.168.65.40:8000/api/dcim/sites/8/""}",8,dcim.site,,http://192.168.65.40:8000/api/circuits/circuit-terminations/29/,
False,,,"{""cid"": ""KSIR0381"", ""description"": """", ""display"": ""KSIR0381"", ""id"": 22, ""provider"": {""description"": """", ""display"": ""Level 3"", ""id"": 5, ""name"": ""Level 3"", ""slug"": ""level-3"", ""url"": ""http://192.168.65.40:8000/api/circuits/providers/5/""}, ""url"": ""http://192.168.65.40:8000/api/circuits/circuits/22/""}",2026-03-01T05:03:06.864779Z,{},,KSIR0381: Termination A,http://192.168.65.40:8000/circuits/circuit-terminations/30/,30,2026-03-01T05:03:06.864797Z,[],,False,,,[],A,"{""description"": """", ""display"": ""Level3 MPLS"", ""id"": 1, ""name"": ""Level3 MPLS"", ""url"": ""http://192.168.65.40:8000/api/circuits/provider-networks/1/""}",1,circuits.providernetwork,,http://192.168.65.40:8000/api/circuits/circuit-terminations/30/,
True,"{""description"": """", ""display"": ""#58"", ""id"": 58, ""label"": """", ""url"": ""http://192.168.65.40:8000/api/dcim/cables/58/""}",A,"{""cid"": ""KSIR0381"", ""description"": """", ""display"": ""KSIR0381"", ""id"": 22, ""provider"": {""description"": """", ""display"": ""Level 3"", ""id"": 5, ""name"": ""Level 3"", ""slug"": ""level-3"", ""url"": ""http://192.168.65.40:8000/api/circuits/providers/5/""}, ""url"": ""http://192.168.65.40:8000/api/circuits/circuits/22/""}",2026-03-01T05:03:06.934545Z,{},,KSIR0381: Termination Z,http://192.168.65.40:8000/circuits/circuit-terminations/31/,31,2026-03-01T05:38:50.219271Z,"[{""_occupied"": true, ""cable"": {""description"": """", ""display"": ""#58"", ""id"": 58, ""label"": """", ""url"": ""http://192.168.65.40:8000/api/dcim/cables/58/""}, ""description"": """", ""device"": {""description"": """", ""display"": ""dmi01-albany-sw01"", ""id"": 6, ""name"": ""dmi01-albany-sw01"", ""url"": ""http://192.168.65.40:8000/api/dcim/devices/6/""}, ""display"": ""GigabitEthernet1/0/20"", ""id"": 92, ""name"": ""GigabitEthernet1/0/20"", ""url"": ""http://192.168.65.40:8000/api/dcim/interfaces/92/""}]",dcim.interface,False,,,[],Z,"{""description"": """", ""display"": ""DM-Rochester"", ""id"": 11, ""name"": ""DM-Rochester"", ""slug"": ""dm-rochester"", ""url"": ""http://192.168.65.40:8000/api/dcim/sites/11/""}",11,dcim.site,,http://192.168.65.40:8000/api/circuits/circuit-terminations/31/,
False,,,"{""cid"": ""LQRT4981"", ""description"": """", ""display"": ""LQRT4981"", ""id"": 23, ""provider"": {""description"": """", ""display"": ""Level 3"", ""id"": 5, ""name"": ""Level 3"", ""slug"": ""level-3"", ""url"": ""http://192.168.65.40:8000/api/circuits/providers/5/""}, ""url"": ""http://192.168.65.40:8000/api/circuits/circuits/23/""}",2026-03-01T05:03:07.010967Z,{},,LQRT4981: Termination A,http://192.168.65.40:8000/circuits/circuit-terminations/32/,32,2026-03-01T05:03:07.010984Z,[],,False,,,[],A,"{""description"": """", ""display"": ""Level3 MPLS"", ""id"": 1, ""name"": ""Level3 MPLS"", ""url"": ""http://192.168.65.40:8000/api/circuits/provider-networks/1/""}",1,circuits.providernetwork,,http://192.168.65.40:8000/api/circuits/circuit-terminations/32/,
True,"{""description"": """", ""display"": ""#59"", ""id"": 59, ""label"": """", ""url"": ""http://192.168.65.40:8000/api/dcim/cables/59/""}",A,"{""cid"": ""LQRT4981"", ""description"": """", ""display"": ""LQRT4981"", ""id"": 23, ""provider"": {""description"": """", ""display"": ""Level 3"", ""id"": 5, ""name"": ""Level 3"", ""slug"": ""level-3"", ""url"": ""http://192.168.65.40:8000/api/circuits/providers/5/""}, ""url"": ""http://192.168.65.40:8000/api/circuits/circuits/23/""}",2026-03-01T05:03:07.090285Z,{},,LQRT4981: Termination Z,http://192.168.65.40:8000/circuits/circuit-terminations/33/,33,2026-03-01T05:38:51.425075Z,"[{""_occupied"": true, ""cable"": {""description"": """", ""display"": ""#59"", ""id"": 59, ""label"": """", ""url"": ""http://192.168.65.40:8000/api/dcim/cables/59/""}, ""description"": """", ""device"": {""description"": """", ""display"": ""dmi01-albany-sw01"", ""id"": 6, ""name"": ""dmi01-albany-sw01"", ""url"": ""http://192.168.65.40:8000/api/dcim/devices/6/""}, ""display"": ""GigabitEthernet1/0/7"", ""id"": 79, ""name"": ""GigabitEthernet1/0/7"", ""url"": ""http://192.168.65.40:8000/api/dcim/interfaces/79/""}]",dcim.interface,False,,,[],Z,"{""description"": """", ""display"": ""DM-Pittsfield"", ""id"": 10, ""name"": ""DM-Pittsfield"", ""slug"": ""dm-pittsfield"", ""url"": ""http://192.168.65.40:8000/api/dcim/sites/10/""}",10,dcim.site,,http://192.168.65.40:8000/api/circuits/circuit-terminations/33/,
False,,,"{""cid"": ""PPJQ5091"", ""description"": """", ""display"": ""PPJQ5091"", ""id"": 24, ""provider"": {""description"": """", ""display"": ""Level 3"", ""id"": 5, ""name"": ""Level 3"", ""slug"": ""level-3"", ""url"": ""http://192.168.65.40:8000/api/circuits/providers/5/""}, ""url"": ""http://192.168.65.40:8000/api/circuits/circuits/24/""}",2026-03-01T05:03:07.162374Z,{},,PPJQ5091: Termination A,http://192.168.65.40:8000/circuits/circuit-terminations/34/,34,2026-03-01T05:03:07.162391Z,[],,False,,,[],A,"{""description"": """", ""display"": ""Level3 MPLS"", ""id"": 1, ""name"": ""Level3 MPLS"", ""url"": ""http://192.168.65.40:8000/api/circuits/provider-networks/1/""}",1,circuits.providernetwork,,http://192.168.65.40:8000/api/circuits/circuit-terminations/34/,
True,"{""description"": """", ""display"": ""#60"", ""id"": 60, ""label"": """", ""url"": ""http://192.168.65.40:8000/api/dcim/cables/60/""}",A,"{""cid"": ""PPJQ5091"", ""description"": """", ""display"": ""PPJQ5091"", ""id"": 24, ""provider"": {""description"": """", ""display"": ""Level 3"", ""id"": 5, ""name"": ""Level 3"", ""slug"": ""level-3"", ""url"": ""http://192.168.65.40:8000/api/circuits/providers/5/""}, ""url"": ""http://192.168.65.40:8000/api/circuits/circuits/24/""}",2026-03-01T05:03:07.233893Z,{},,PPJQ5091: Termination Z,http://192.168.65.40:8000/circuits/circuit-terminations/35/,35,2026-03-01T05:38:51.632615Z,"[{""_occupied"": true, ""cable"": {""description"": """", ""display"": ""#60"", ""id"": 60, ""label"": """", ""url"": ""http://192.168.65.40:8000/api/dcim/cables/60/""}, ""description"": """", ""device"": {""description"": """", ""display"": ""dmi01-akron-sw01"", ""id"": 3, ""name"": ""dmi01-akron-sw01"", ""url"": ""http://192.168.65.40:8000/api/dcim/devices/3/""}, ""display"": ""GigabitEthernet1/0/17"", ""id"": 27, ""name"": ""GigabitEthernet1/0/17"", ""url"": ""http://192.168.65.40:8000/api/dcim/interfaces/27/""}]",dcim.interface,False,,,[],Z,"{""description"": """", ""display"": ""DM-Binghamton"", ""id"": 5, ""name"": ""DM-Binghamton"", ""slug"": ""dm-binghamton"", ""url"": ""http://192.168.65.40:8000/api/dcim/sites/5/""}",5,dcim.site,,http://192.168.65.40:8000/api/circuits/circuit-terminations/35/,
False,,,"{""cid"": ""QMKD2436"", ""description"": """", ""display"": ""QMKD2436"", ""id"": 25, ""provider"": {""description"": """", ""display"": ""Level 3"", ""id"": 5, ""name"": ""Level 3"", ""slug"": ""level-3"", ""url"": ""http://192.168.65.40:8000/api/circuits/providers/5/""}, ""url"": ""http://192.168.65.40:8000/api/circuits/circuits/25/""}",2026-03-01T05:03:07.305214Z,{},,QMKD2436: Termination A,http://192.168.65.40:8000/circuits/circuit-terminations/36/,36,2026-03-01T05:03:07.305232Z,[],,False,,,[],A,"{""description"": """", ""display"": ""Level3 MPLS"", ""id"": 1, ""name"": ""Level3 MPLS"", ""url"": ""http://192.168.65.40:8000/api/circuits/provider-networks/1/""}",1,circuits.providernetwork,,http://192.168.65.40:8000/api/circuits/circuit-terminations/36/,
True,"{""description"": """", ""display"": ""#61"", ""id"": 61, ""label"": """", ""url"": ""http://192.168.65.40:8000/api/dcim/cables/61/""}",A,"{""cid"": ""QMKD2436"", ""description"": """", ""display"": ""QMKD2436"", ""id"": 25, ""provider"": {""description"": """", ""display"": ""Level 3"", ""id"": 5, ""name"": ""Level 3"", ""slug"": ""level-3"", ""url"": ""http://192.168.65.40:8000/api/circuits/providers/5/""}, ""url"": ""http://192.168.65.40:8000/api/circuits/circuits/25/""}",2026-03-01T05:03:07.398534Z,{},,QMKD2436: Termination Z,http://192.168.65.40:8000/circuits/circuit-terminations/37/,37,2026-03-01T05:38:51.956822Z,"[{""_occupied"": true, ""cable"": {""description"": """", ""display"": ""#61"", ""id"": 61, ""label"": """", ""url"": ""http://192.168.65.40:8000/api/dcim/cables/61/""}, ""description"": """", ""device"": {""description"": """", ""display"": ""dmi01-binghamton-sw01"", ""id"": 9, ""name"": ""dmi01-binghamton-sw01"", ""url"": ""http://192.168.65.40:8000/api/dcim/devices/9/""}, ""display"": ""GigabitEthernet1/0/10"", ""id"": 144, ""name"": ""GigabitEthernet1/0/10"", ""url"": ""http://192.168.65.40:8000/api/dcim/interfaces/144/""}]",dcim.interface,False,,,[],Z,"{""description"": """", ""display"": ""DM-Utica"", ""id"": 15, ""name"": ""DM-Utica"", ""slug"": ""dm-utica"", ""url"": ""http://192.168.65.40:8000/api/dcim/sites/15/""}",15,dcim.site,,http://192.168.65.40:8000/api/circuits/circuit-terminations/37/,
False,,,"{""cid"": ""QPMA5027"", ""description"": """", ""display"": ""QPMA5027"", ""id"": 26, ""provider"": {""description"": """", ""display"": ""Level 3"", ""id"": 5, ""name"": ""Level 3"", ""slug"": ""level-3"", ""url"": ""http://192.168.65.40:8000/api/circuits/providers/5/""}, ""url"": ""http://192.168.65.40:8000/api/circuits/circuits/26/""}",2026-03-01T05:03:07.472274Z,{},,QPMA5027: Termination A,http://192.168.65.40:8000/circuits/circuit-terminations/38/,38,2026-03-01T05:03:07.472292Z,[],,False,,,[],A,"{""description"": """", ""display"": ""Level3 MPLS"", ""id"": 1, ""name"": ""Level3 MPLS"", ""url"": ""http://192.168.65.40:8000/api/circuits/provider-networks/1/""}",1,circuits.providernetwork,,http://192.168.65.40:8000/api/circuits/circuit-terminations/38/,
True,"{""description"": """", ""display"": ""#62"", ""id"": 62, ""label"": """", ""url"": ""http://192.168.65.40:8000/api/dcim/cables/62/""}",A,"{""cid"": ""QPMA5027"", ""description"": """", ""display"": ""QPMA5027"", ""id"": 26, ""provider"": {""description"": """", ""display"": ""Level 3"", ""id"": 5, ""name"": ""Level 3"", ""slug"": ""level-3"", ""url"": ""http://192.168.65.40:8000/api/circuits/providers/5/""}, ""url"": ""http://192.168.65.40:8000/api/circuits/circuits/26/""}",2026-03-01T05:03:07.555182Z,{},,QPMA5027: Termination Z,http://192.168.65.40:8000/circuits/circuit-terminations/39/,39,2026-03-01T05:38:52.265525Z,"[{""_occupied"": true, ""cable"": {""description"": """", ""display"": ""#62"", ""id"": 62, ""label"": """", ""url"": ""http://192.168.65.40:8000/api/dcim/cables/62/""}, ""description"": """", ""device"": {""description"": """", ""display"": ""dmi01-akron-sw01"", ""id"": 3, ""name"": ""dmi01-akron-sw01"", ""url"": ""http://192.168.65.40:8000/api/dcim/devices/3/""}, ""display"": ""GigabitEthernet1/0/30"", ""id"": 40, ""name"": ""GigabitEthernet1/0/30"", ""url"": ""http://192.168.65.40:8000/api/dcim/interfaces/40/""}]",dcim.interface,False,,,[],Z,"{""description"": """", ""display"": ""DM-Buffalo"", ""id"": 6, ""name"": ""DM-Buffalo"", ""slug"": ""dm-buffalo"", ""url"": ""http://192.168.65.40:8000/api/dcim/sites/6/""}",6,dcim.site,,http://192.168.65.40:8000/api/circuits/circuit-terminations/39/,
True,"{""description"": """", ""display"": ""#79"", ""id"": 79, ""label"": """", ""url"": ""http://192.168.65.40:8000/api/dcim/cables/79/""}",A,"{""cid"": ""319031"", ""description"": """", ""display"": ""319031"", ""id"": 27, ""provider"": {""description"": """", ""display"": ""NCSU Facilities"", ""id"": 6, ""name"": ""NCSU Facilities"", ""slug"": ""ncsu-facilities"", ""url"": ""http://192.168.65.40:8000/api/circuits/providers/6/""}, ""url"": ""http://192.168.65.40:8000/api/circuits/circuits/27/""}",2026-03-01T05:03:07.632152Z,{},,319031: Termination A,http://192.168.65.40:8000/circuits/circuit-terminations/40/,40,2026-03-01T06:35:30.751392Z,"[{""_occupied"": true, ""cable"": {""description"": """", ""display"": ""#79"", ""id"": 79, ""label"": """", ""url"": ""http://192.168.65.40:8000/api/dcim/cables/79/""}, ""description"": """", ""device"": {""description"": """", ""display"": ""PP:B128"", ""id"": 47, ""name"": ""PP:B128"", ""url"": ""http://192.168.65.40:8000/api/dcim/devices/47/""}, ""display"": ""Rear Splice"", ""id"": 3, ""name"": ""Rear Splice"", ""url"": ""http://192.168.65.40:8000/api/dcim/rear-ports/3/""}]",dcim.rearport,False,,,[],A,"{""description"": ""Main Distribution Frame"", ""display"": ""MDF"", ""id"": 24, ""name"": ""MDF"", ""slug"": ""ncsu-065"", ""url"": ""http://192.168.65.40:8000/api/dcim/sites/24/""}",24,dcim.site,,http://192.168.65.40:8000/api/circuits/circuit-terminations/40/,
True,"{""description"": """", ""display"": ""#80"", ""id"": 80, ""label"": """", ""url"": ""http://192.168.65.40:8000/api/dcim/cables/80/""}",A,"{""cid"": ""319031"", ""description"": """", ""display"": ""319031"", ""id"": 27, ""provider"": {""description"": """", ""display"": ""NCSU Facilities"", ""id"": 6, ""name"": ""NCSU Facilities"", ""slug"": ""ncsu-facilities"", ""url"": ""http://192.168.65.40:8000/api/circuits/providers/6/""}, ""url"": ""http://192.168.65.40:8000/api/circuits/circuits/27/""}",2026-03-01T05:03:07.708911Z,{},,319031: Termination Z,http://192.168.65.40:8000/circuits/circuit-terminations/41/,41,2026-03-01T06:35:31.016393Z,"[{""_occupied"": true, ""cable"": {""description"": """", ""display"": ""#80"", ""id"": 80, ""label"": """", ""url"": ""http://192.168.65.40:8000/api/dcim/cables/80/""}, ""description"": """", ""device"": {""description"": """", ""display"": ""PP:MDF"", ""id"": 48, ""name"": ""PP:MDF"", ""url"": ""http://192.168.65.40:8000/api/dcim/devices/48/""}, ""display"": ""Rear Splice"", ""id"": 4, ""name"": ""Rear Splice"", ""url"": ""http://192.168.65.40:8000/api/dcim/rear-ports/4/""}]",dcim.rearport,False,,,[],Z,"{""description"": """", ""display"": ""Butler Communications"", ""id"": 1, ""name"": ""Butler Communications"", ""slug"": ""ncsu-128"", ""url"": ""http://192.168.65.40:8000/api/dcim/sites/1/""}",1,dcim.site,,http://192.168.65.40:8000/api/circuits/circuit-terminations/41/,
True,"{""description"": """", ""display"": ""#81"", ""id"": 81, ""label"": """", ""url"": ""http://192.168.65.40:8000/api/dcim/cables/81/""}",A,"{""cid"": ""350927"", ""description"": """", ""display"": ""350927"", ""id"": 28, ""provider"": {""description"": """", ""display"": ""NCSU Facilities"", ""id"": 6, ""name"": ""NCSU Facilities"", ""slug"": ""ncsu-facilities"", ""url"": ""http://192.168.65.40:8000/api/circuits/providers/6/""}, ""url"": ""http://192.168.65.40:8000/api/circuits/circuits/28/""}",2026-03-01T05:03:07.782740Z,{},,350927: Termination A,http://192.168.65.40:8000/circuits/circuit-terminations/42/,42,2026-03-01T06:35:31.198898Z,"[{""_occupied"": true, ""cable"": {""description"": """", ""display"": ""#81"", ""id"": 81, ""label"": """", ""url"": ""http://192.168.65.40:8000/api/dcim/cables/81/""}, ""description"": """", ""device"": {""description"": """", ""display"": ""PP:B117"", ""id"": 45, ""name"": ""PP:B117"", ""url"": ""http://192.168.65.40:8000/api/dcim/devices/45/""}, ""display"": ""Rear Splice"", ""id"": 1, ""name"": ""Rear Splice"", ""url"": ""http://192.168.65.40:8000/api/dcim/rear-ports/1/""}]",dcim.rearport,False,,,[],A,"{""description"": ""Main Distribution Frame"", ""display"": ""MDF"", ""id"": 24, ""name"": ""MDF"", ""slug"": ""ncsu-065"", ""url"": ""http://192.168.65.40:8000/api/dcim/sites/24/""}",24,dcim.site,,http://192.168.65.40:8000/api/circuits/circuit-terminations/42/,
False,,,"{""cid"": ""350927"", ""description"": """", ""display"": ""350927"", ""id"": 28, ""provider"": {""description"": """", ""display"": ""NCSU Facilities"", ""id"": 6, ""name"": ""NCSU Facilities"", ""slug"": ""ncsu-facilities"", ""url"": ""http://192.168.65.40:8000/api/circuits/providers/6/""}, ""url"": ""http://192.168.65.40:8000/api/circuits/circuits/28/""}",2026-03-01T05:03:07.849255Z,{},,350927: Termination Z,http://192.168.65.40:8000/circuits/circuit-terminations/43/,43,2026-03-01T05:03:07.849272Z,[],,False,,,[],Z,"{""description"": """", ""display"": ""D. S. Weaver Labs"", ""id"": 2, ""name"": ""D. S. Weaver Labs"", ""slug"": ""ncsu-117"", ""url"": ""http://192.168.65.40:8000/api/dcim/sites/2/""}",2,dcim.site,,http://192.168.65.40:8000/api/circuits/circuit-terminations/43/,
True,"{""description"": """", ""display"": ""#82"", ""id"": 82, ""label"": """", ""url"": ""http://192.168.65.40:8000/api/dcim/cables/82/""}",A,"{""cid"": ""398282"", ""description"": """", ""display"": ""398282"", ""id"": 29, ""provider"": {""description"": """", ""display"": ""NCSU Facilities"", ""id"": 6, ""name"": ""NCSU Facilities"", ""slug"": ""ncsu-facilities"", ""url"": ""http://192.168.65.40:8000/api/circuits/providers/6/""}, ""url"": ""http://192.168.65.40:8000/api/circuits/circuits/29/""}",2026-03-01T05:03:07.919311Z,{},,398282: Termination A,http://192.168.65.40:8000/circuits/circuit-terminations/44/,44,2026-03-01T06:35:31.461179Z,"[{""_occupied"": true, ""cable"": {""description"": """", ""display"": ""#82"", ""id"": 82, ""label"": """", ""url"": ""http://192.168.65.40:8000/api/dcim/cables/82/""}, ""description"": """", ""device"": {""description"": """", ""display"": ""PP:B118"", ""id"": 46, ""name"": ""PP:B118"", ""url"": ""http://192.168.65.40:8000/api/dcim/devices/46/""}, ""display"": ""Rear Splice"", ""id"": 2, ""name"": ""Rear Splice"", ""url"": ""http://192.168.65.40:8000/api/dcim/rear-ports/2/""}]",dcim.rearport,False,,,[],A,"{""description"": ""Main Distribution Frame"", ""display"": ""MDF"", ""id"": 24, ""name"": ""MDF"", ""slug"": ""ncsu-065"", ""url"": ""http://192.168.65.40:8000/api/dcim/sites/24/""}",24,dcim.site,,http://192.168.65.40:8000/api/circuits/circuit-terminations/44/,
False,,,"{""cid"": ""398282"", ""description"": """", ""display"": ""398282"", ""id"": 29, ""provider"": {""description"": """", ""display"": ""NCSU Facilities"", ""id"": 6, ""name"": ""NCSU Facilities"", ""slug"": ""ncsu-facilities"", ""url"": ""http://192.168.65.40:8000/api/circuits/providers/6/""}, ""url"": ""http://192.168.65.40:8000/api/circuits/circuits/29/""}",2026-03-01T05:03:07.990134Z,{},,398282: Termination Z,http://192.168.65.40:8000/circuits/circuit-terminations/45/,45,2026-03-01T05:03:07.990154Z,[],,False,,,[],Z,"{""description"": """", ""display"": ""Grinnells Lab"", ""id"": 17, ""name"": ""Grinnells Lab"", ""slug"": ""ncsu-118"", ""url"": ""http://192.168.65.40:8000/api/dcim/sites/17/""}",17,dcim.site,,http://192.168.65.40:8000/api/circuits/circuit-terminations/45/,
