_depth,children,comments,created,custom_fields,description,display,display_url,family,id,is_pool,last_updated,mark_utilized,owner,prefix,role,scope,scope_id,scope_type,status,tags,tenant,url,vlan,vrf
0,67,,2026-03-01T04:26:51.513727Z,{},,10.112.0.0/15,http://192.168.65.40:8000/ipam/prefixes/1/,"{""label"": ""IPv4"", ""value"": 4}",1,False,2026-03-01T04:26:51.513745Z,False,,10.112.0.0/15,,,,,"{""label"": ""Container"", ""value"": ""container""}",[],"{""description"": """", ""display"": ""Dunder-Mifflin, Inc."", ""id"": 2, ""name"": ""Dunder-Mifflin, Inc."", ""slug"": ""dunder-mifflin"", ""url"": ""http://192.168.65.40:8000/api/tenancy/tenants/2/""}",http://192.168.65.40:8000/api/ipam/prefixes/1/,,
1,0,,2026-03-01T04:26:51.571314Z,{},DM HQ,10.112.0.0/17,http://192.168.65.40:8000/ipam/prefixes/2/,"{""label"": ""IPv4"", ""value"": 4}",2,False,2026-03-01T04:26:51.571331Z,False,,10.112.0.0/17,,,,,"{""label"": ""Container"", ""value"": ""container""}",[],"{""description"": """", ""display"": ""Dunder-Mifflin, Inc."", ""id"": 2, ""name"": ""Dunder-Mifflin, Inc."", ""slug"": ""dunder-mifflin"", ""url"": ""http://192.168.65.40:8000/api/tenancy/tenants/2/""}",http://192.168.65.40:8000/api/ipam/prefixes/2/,,
1,65,,2026-03-01T04:26:51.627932Z,{},DM branch offices,10.112.128.0/17,http://192.168.65.40:8000/ipam/prefixes/3/,"{""label"": ""IPv4"", ""value"": 4}",3,False,2026-03-01T04:26:51.627949Z,False,,10.112.128.0/17,,,,,"{""label"": ""Container"", ""value"": ""container""}",[],"{""description"": """", ""display"": ""Dunder-Mifflin, Inc."", ""id"": 2, ""name"": ""Dunder-Mifflin, Inc."", ""slug"": ""dunder-mifflin"", ""url"": ""http://192.168.65.40:8000/api/tenancy/tenants/2/""}",http://192.168.65.40:8000/api/ipam/prefixes/3/,,
2,4,,2026-03-01T04:26:51.695877Z,{},,10.112.128.0/22,http://192.168.65.40:8000/ipam/prefixes/4/,"{""label"": ""IPv4"", ""value"": 4}",4,False,2026-03-01T04:26:51.695895Z,False,,10.112.128.0/22,,"{""description"": """", ""display"": ""DM-Akron"", ""id"": 3, ""name"": ""DM-Akron"", ""slug"": ""dm-akron"", ""url"": ""http://192.168.65.40:8000/api/dcim/sites/3/""}",3,dcim.site,"{""label"": ""Container"", ""value"": ""container""}",[],"{""description"": """", ""display"": ""Dunder-Mifflin, Inc."", ""id"": 2, ""name"": ""Dunder-Mifflin, Inc."", ""slug"": ""dunder-mifflin"", ""url"": ""http://192.168.65.40:8000/api/tenancy/tenants/2/""}",http://192.168.65.40:8000/api/ipam/prefixes/4/,,
3,0,,2026-03-01T04:26:51.777695Z,{},,10.112.128.0/28,http://192.168.65.40:8000/ipam/prefixes/5/,"{""label"": ""IPv4"", ""value"": 4}",5,False,2026-03-01T04:26:51.777712Z,False,,10.112.128.0/28,"{""description"": """", ""display"": ""Management"", ""id"": 4, ""name"": ""Management"", ""slug"": ""management"", ""url"": ""http://192.168.65.40:8000/api/ipam/roles/4/""}","{""description"": """", ""display"": ""DM-Akron"", ""id"": 3, ""name"": ""DM-Akron"", ""slug"": ""dm-akron"", ""url"": ""http://192.168.65.40:8000/api/dcim/sites/3/""}",3,dcim.site,"{""label"": ""Active"", ""value"": ""active""}",[],"{""description"": """", ""display"": ""Dunder-Mifflin, Inc."", ""id"": 2, ""name"": ""Dunder-Mifflin, Inc."", ""slug"": ""dunder-mifflin"", ""url"": ""http://192.168.65.40:8000/api/tenancy/tenants/2/""}",http://192.168.65.40:8000/api/ipam/prefixes/5/,,
3,0,,2026-03-01T04:26:51.850990Z,{},,10.112.129.0/24,http://192.168.65.40:8000/ipam/prefixes/6/,"{""label"": ""IPv4"", ""value"": 4}",6,False,2026-03-01T04:26:51.851008Z,False,,10.112.129.0/24,"{""description"": """", ""display"": ""Access - Data"", ""id"": 1, ""name"": ""Access - Data"", ""slug"": ""access-data"", ""url"": ""http://192.168.65.40:8000/api/ipam/roles/1/""}","{""description"": """", ""display"": ""DM-Akron"", ""id"": 3, ""name"": ""DM-Akron"", ""slug"": ""dm-akron"", ""url"": ""http://192.168.65.40:8000/api/dcim/sites/3/""}",3,dcim.site,"{""label"": ""Active"", ""value"": ""active""}",[],"{""description"": """", ""display"": ""Dunder-Mifflin, Inc."", ""id"": 2, ""name"": ""Dunder-Mifflin, Inc."", ""slug"": ""dunder-mifflin"", ""url"": ""http://192.168.65.40:8000/api/tenancy/tenants/2/""}",http://192.168.65.40:8000/api/ipam/prefixes/6/,"{""description"": """", ""display"": ""Data (100)"", ""id"": 1, ""name"": ""Data"", ""url"": ""http://192.168.65.40:8000/api/ipam/vlans/1/"", ""vid"": 100}",
3,0,,2026-03-01T04:26:51.926313Z,{},,10.112.130.0/24,http://192.168.65.40:8000/ipam/prefixes/7/,"{""label"": ""IPv4"", ""value"": 4}",7,False,2026-03-01T04:26:51.926334Z,False,,10.112.130.0/24,"{""description"": """", ""display"": ""Access - Voice"", ""id"": 2, ""name"": ""Access - Voice"", ""slug"": ""access-voice"", ""url"": ""http://192.168.65.40:8000/api/ipam/roles/2/""}","{""description"": """", ""display"": ""DM-Akron"", ""id"": 3, ""name"": ""DM-Akron"", ""slug"": ""dm-akron"", ""url"": ""http://192.168.65.40:8000/api/dcim/sites/3/""}",3,dcim.site,"{""label"": ""Active"", ""value"": ""active""}",[],"{""description"": """", ""display"": ""Dunder-Mifflin, Inc."", ""id"": 2, ""name"": ""Dunder-Mifflin, Inc."", ""slug"": ""dunder-mifflin"", ""url"": ""http://192.168.65.40:8000/api/tenancy/tenants/2/""}",http://192.168.65.40:8000/api/ipam/prefixes/7/,"{""description"": """", ""display"": ""Voice (200)"", ""id"": 2, ""name"": ""Voice"", ""url"": ""http://192.168.65.40:8000/api/ipam/vlans/2/"", ""vid"": 200}",
3,0,,2026-03-01T04:26:51.997632Z,{},,10.112.131.0/24,http://192.168.65.40:8000/ipam/prefixes/8/,"{""label"": ""IPv4"", ""value"": 4}",8,False,2026-03-01T04:26:51.997649Z,False,,10.112.131.0/24,"{""description"": """", ""display"": ""Access - Wireless"", ""id"": 3, ""name"": ""Access - Wireless"", ""slug"": ""access-wireless"", ""url"": ""http://192.168.65.40:8000/api/ipam/roles/3/""}","{""description"": """", ""display"": ""DM-Akron"", ""id"": 3, ""name"": ""DM-Akron"", ""slug"": ""dm-akron"", ""url"": ""http://192.168.65.40:8000/api/dcim/sites/3/""}",3,dcim.site,"{""label"": ""Active"", ""value"": ""active""}",[],"{""description"": """", ""display"": ""Dunder-Mifflin, Inc."", ""id"": 2, ""name"": ""Dunder-Mifflin, Inc."", ""slug"": ""dunder-mifflin"", ""url"": ""http://192.168.65.40:8000/api/tenancy/tenants/2/""}",http://192.168.65.40:8000/api/ipam/prefixes/8/,"{""description"": """", ""display"": ""Wireless (300)"", ""id"": 3, ""name"": ""Wireless"", ""url"": ""http://192.168.65.40:8000/api/ipam/vlans/3/"", ""vid"": 300}",
2,4,,2026-03-01T04:26:52.103538Z,{},,10.112.132.0/22,http://192.168.65.40:8000/ipam/prefixes/9/,"{""label"": ""IPv4"", ""value"": 4}",9,False,2026-03-01T04:26:52.103556Z,False,,10.112.132.0/22,,"{""description"": """", ""display"": ""DM-Albany"", ""id"": 4, ""name"": ""DM-Albany"", ""slug"": ""dm-albany"", ""url"": ""http://192.168.65.40:8000/api/dcim/sites/4/""}",4,dcim.site,"{""label"": ""Container"", ""value"": ""container""}",[],"{""description"": """", ""display"": ""Dunder-Mifflin, Inc."", ""id"": 2, ""name"": ""Dunder-Mifflin, Inc."", ""slug"": ""dunder-mifflin"", ""url"": ""http://192.168.65.40:8000/api/tenancy/tenants/2/""}",http://192.168.65.40:8000/api/ipam/prefixes/9/,,
3,0,,2026-03-01T04:26:52.183696Z,{},,10.112.132.0/28,http://192.168.65.40:8000/ipam/prefixes/10/,"{""label"": ""IPv4"", ""value"": 4}",10,False,2026-03-01T04:26:52.183713Z,False,,10.112.132.0/28,"{""description"": """", ""display"": ""Management"", ""id"": 4, ""name"": ""Management"", ""slug"": ""management"", ""url"": ""http://192.168.65.40:8000/api/ipam/roles/4/""}","{""description"": """", ""display"": ""DM-Albany"", ""id"": 4, ""name"": ""DM-Albany"", ""slug"": ""dm-albany"", ""url"": ""http://192.168.65.40:8000/api/dcim/sites/4/""}",4,dcim.site,"{""label"": ""Active"", ""value"": ""active""}",[],"{""description"": """", ""display"": ""Dunder-Mifflin, Inc."", ""id"": 2, ""name"": ""Dunder-Mifflin, Inc."", ""slug"": ""dunder-mifflin"", ""url"": ""http://192.168.65.40:8000/api/tenancy/tenants/2/""}",http://192.168.65.40:8000/api/ipam/prefixes/10/,,
3,0,,2026-03-01T04:26:52.254509Z,{},,10.112.133.0/24,http://192.168.65.40:8000/ipam/prefixes/11/,"{""label"": ""IPv4"", ""value"": 4}",11,False,2026-03-01T04:26:52.254526Z,False,,10.112.133.0/24,"{""description"": """", ""display"": ""Access - Data"", ""id"": 1, ""name"": ""Access - Data"", ""slug"": ""access-data"", ""url"": ""http://192.168.65.40:8000/api/ipam/roles/1/""}","{""description"": """", ""display"": ""DM-Albany"", ""id"": 4, ""name"": ""DM-Albany"", ""slug"": ""dm-albany"", ""url"": ""http://192.168.65.40:8000/api/dcim/sites/4/""}",4,dcim.site,"{""label"": ""Active"", ""value"": ""active""}",[],"{""description"": """", ""display"": ""Dunder-Mifflin, Inc."", ""id"": 2, ""name"": ""Dunder-Mifflin, Inc."", ""slug"": ""dunder-mifflin"", ""url"": ""http://192.168.65.40:8000/api/tenancy/tenants/2/""}",http://192.168.65.40:8000/api/ipam/prefixes/11/,"{""description"": """", ""display"": ""Data (100)"", ""id"": 4, ""name"": ""Data"", ""url"": ""http://192.168.65.40:8000/api/ipam/vlans/4/"", ""vid"": 100}",
3,0,,2026-03-01T04:26:52.335393Z,{},,10.112.134.0/24,http://192.168.65.40:8000/ipam/prefixes/12/,"{""label"": ""IPv4"", ""value"": 4}",12,False,2026-03-01T04:26:52.335411Z,False,,10.112.134.0/24,"{""description"": """", ""display"": ""Access - Voice"", ""id"": 2, ""name"": ""Access - Voice"", ""slug"": ""access-voice"", ""url"": ""http://192.168.65.40:8000/api/ipam/roles/2/""}","{""description"": """", ""display"": ""DM-Albany"", ""id"": 4, ""name"": ""DM-Albany"", ""slug"": ""dm-albany"", ""url"": ""http://192.168.65.40:8000/api/dcim/sites/4/""}",4,dcim.site,"{""label"": ""Active"", ""value"": ""active""}",[],"{""description"": """", ""display"": ""Dunder-Mifflin, Inc."", ""id"": 2, ""name"": ""Dunder-Mifflin, Inc."", ""slug"": ""dunder-mifflin"", ""url"": ""http://192.168.65.40:8000/api/tenancy/tenants/2/""}",http://192.168.65.40:8000/api/ipam/prefixes/12/,"{""description"": """", ""display"": ""Voice (200)"", ""id"": 5, ""name"": ""Voice"", ""url"": ""http://192.168.65.40:8000/api/ipam/vlans/5/"", ""vid"": 200}",
3,0,,2026-03-01T04:26:52.421820Z,{},,10.112.135.0/24,http://192.168.65.40:8000/ipam/prefixes/13/,"{""label"": ""IPv4"", ""value"": 4}",13,False,2026-03-01T04:26:52.421837Z,False,,10.112.135.0/24,"{""description"": """", ""display"": ""Access - Wireless"", ""id"": 3, ""name"": ""Access - Wireless"", ""slug"": ""access-wireless"", ""url"": ""http://192.168.65.40:8000/api/ipam/roles/3/""}","{""description"": """", ""display"": ""DM-Albany"", ""id"": 4, ""name"": ""DM-Albany"", ""slug"": ""dm-albany"", ""url"": ""http://192.168.65.40:8000/api/dcim/sites/4/""}",4,dcim.site,"{""label"": ""Active"", ""value"": ""active""}",[],"{""description"": """", ""display"": ""Dunder-Mifflin, Inc."", ""id"": 2, ""name"": ""Dunder-Mifflin, Inc."", ""slug"": ""dunder-mifflin"", ""url"": ""http://192.168.65.40:8000/api/tenancy/tenants/2/""}",http://192.168.65.40:8000/api/ipam/prefixes/13/,"{""description"": """", ""display"": ""Wireless (300)"", ""id"": 6, ""name"": ""Wireless"", ""url"": ""http://192.168.65.40:8000/api/ipam/vlans/6/"", ""vid"": 300}",
2,4,,2026-03-01T04:26:52.497806Z,{},,10.112.136.0/22,http://192.168.65.40:8000/ipam/prefixes/14/,"{""label"": ""IPv4"", ""value"": 4}",14,False,2026-03-01T04:26:52.497823Z,False,,10.112.136.0/22,,"{""description"": """", ""display"": ""DM-Binghamton"", ""id"": 5, ""name"": ""DM-Binghamton"", ""slug"": ""dm-binghamton"", ""url"": ""http://192.168.65.40:8000/api/dcim/sites/5/""}",5,dcim.site,"{""label"": ""Container"", ""value"": ""container""}",[],"{""description"": """", ""display"": ""Dunder-Mifflin, Inc."", ""id"": 2, ""name"": ""Dunder-Mifflin, Inc."", ""slug"": ""dunder-mifflin"", ""url"": ""http://192.168.65.40:8000/api/tenancy/tenants/2/""}",http://192.168.65.40:8000/api/ipam/prefixes/14/,,
3,0,,2026-03-01T04:26:52.573220Z,{},,10.112.136.0/28,http://192.168.65.40:8000/ipam/prefixes/15/,"{""label"": ""IPv4"", ""value"": 4}",15,False,2026-03-01T04:26:52.573238Z,False,,10.112.136.0/28,"{""description"": """", ""display"": ""Management"", ""id"": 4, ""name"": ""Management"", ""slug"": ""management"", ""url"": ""http://192.168.65.40:8000/api/ipam/roles/4/""}","{""description"": """", ""display"": ""DM-Binghamton"", ""id"": 5, ""name"": ""DM-Binghamton"", ""slug"": ""dm-binghamton"", ""url"": ""http://192.168.65.40:8000/api/dcim/sites/5/""}",5,dcim.site,"{""label"": ""Active"", ""value"": ""active""}",[],"{""description"": """", ""display"": ""Dunder-Mifflin, Inc."", ""id"": 2, ""name"": ""Dunder-Mifflin, Inc."", ""slug"": ""dunder-mifflin"", ""url"": ""http://192.168.65.40:8000/api/tenancy/tenants/2/""}",http://192.168.65.40:8000/api/ipam/prefixes/15/,,
3,0,,2026-03-01T04:26:52.649038Z,{},,10.112.137.0/24,http://192.168.65.40:8000/ipam/prefixes/16/,"{""label"": ""IPv4"", ""value"": 4}",16,False,2026-03-01T04:26:52.649055Z,False,,10.112.137.0/24,"{""description"": """", ""display"": ""Access - Data"", ""id"": 1, ""name"": ""Access - Data"", ""slug"": ""access-data"", ""url"": ""http://192.168.65.40:8000/api/ipam/roles/1/""}","{""description"": """", ""display"": ""DM-Binghamton"", ""id"": 5, ""name"": ""DM-Binghamton"", ""slug"": ""dm-binghamton"", ""url"": ""http://192.168.65.40:8000/api/dcim/sites/5/""}",5,dcim.site,"{""label"": ""Active"", ""value"": ""active""}",[],"{""description"": """", ""display"": ""Dunder-Mifflin, Inc."", ""id"": 2, ""name"": ""Dunder-Mifflin, Inc."", ""slug"": ""dunder-mifflin"", ""url"": ""http://192.168.65.40:8000/api/tenancy/tenants/2/""}",http://192.168.65.40:8000/api/ipam/prefixes/16/,"{""description"": """", ""display"": ""Data (100)"", ""id"": 7, ""name"": ""Data"", ""url"": ""http://192.168.65.40:8000/api/ipam/vlans/7/"", ""vid"": 100}",
3,0,,2026-03-01T04:26:52.719928Z,{},,10.112.138.0/24,http://192.168.65.40:8000/ipam/prefixes/17/,"{""label"": ""IPv4"", ""value"": 4}",17,False,2026-03-01T04:26:52.719945Z,False,,10.112.138.0/24,"{""description"": """", ""display"": ""Access - Voice"", ""id"": 2, ""name"": ""Access - Voice"", ""slug"": ""access-voice"", ""url"": ""http://192.168.65.40:8000/api/ipam/roles/2/""}","{""description"": """", ""display"": ""DM-Binghamton"", ""id"": 5, ""name"": ""DM-Binghamton"", ""slug"": ""dm-binghamton"", ""url"": ""http://192.168.65.40:8000/api/dcim/sites/5/""}",5,dcim.site,"{""label"": ""Active"", ""value"": ""active""}",[],"{""description"": """", ""display"": ""Dunder-Mifflin, Inc."", ""id"": 2, ""name"": ""Dunder-Mifflin, Inc."", ""slug"": ""dunder-mifflin"", ""url"": ""http://192.168.65.40:8000/api/tenancy/tenants/2/""}",http://192.168.65.40:8000/api/ipam/prefixes/17/,"{""description"": """", ""display"": ""Voice (200)"", ""id"": 8, ""name"": ""Voice"", ""url"": ""http://192.168.65.40:8000/api/ipam/vlans/8/"", ""vid"": 200}",
3,0,,2026-03-01T04:26:52.811503Z,{},,10.112.139.0/24,http://192.168.65.40:8000/ipam/prefixes/18/,"{""label"": ""IPv4"", ""value"": 4}",18,False,2026-03-01T04:26:52.811537Z,False,,10.112.139.0/24,"{""description"": """", ""display"": ""Access - Wireless"", ""id"": 3, ""name"": ""Access - Wireless"", ""slug"": ""access-wireless"", ""url"": ""http://192.168.65.40:8000/api/ipam/roles/3/""}","{""description"": """", ""display"": ""DM-Binghamton"", ""id"": 5, ""name"": ""DM-Binghamton"", ""slug"": ""dm-binghamton"", ""url"": ""http://192.168.65.40:8000/api/dcim/sites/5/""}",5,dcim.site,"{""label"": ""Active"", ""value"": ""active""}",[],"{""description"": """", ""display"": ""Dunder-Mifflin, Inc."", ""id"": 2, ""name"": ""Dunder-Mifflin, Inc."", ""slug"": ""dunder-mifflin"", ""url"": ""http://192.168.65.40:8000/api/tenancy/tenants/2/""}",http://192.168.65.40:8000/api/ipam/prefixes/18/,"{""description"": """", ""display"": ""Wireless (300)"", ""id"": 9, ""name"": ""Wireless"", ""url"": ""http://192.168.65.40:8000/api/ipam/vlans/9/"", ""vid"": 300}",
2,4,,2026-03-01T04:26:52.886262Z,{},,10.112.140.0/22,http://192.168.65.40:8000/ipam/prefixes/19/,"{""label"": ""IPv4"", ""value"": 4}",19,False,2026-03-01T04:26:52.886280Z,False,,10.112.140.0/22,,"{""description"": """", ""display"": ""DM-Buffalo"", ""id"": 6, ""name"": ""DM-Buffalo"", ""slug"": ""dm-buffalo"", ""url"": ""http://192.168.65.40:8000/api/dcim/sites/6/""}",6,dcim.site,"{""label"": ""Container"", ""value"": ""container""}",[],"{""description"": """", ""display"": ""Dunder-Mifflin, Inc."", ""id"": 2, ""name"": ""Dunder-Mifflin, Inc."", ""slug"": ""dunder-mifflin"", ""url"": ""http://192.168.65.40:8000/api/tenancy/tenants/2/""}",http://192.168.65.40:8000/api/ipam/prefixes/19/,,
3,0,,2026-03-01T04:26:52.952821Z,{},,10.112.140.0/28,http://192.168.65.40:8000/ipam/prefixes/20/,"{""label"": ""IPv4"", ""value"": 4}",20,False,2026-03-01T04:26:52.952838Z,False,,10.112.140.0/28,"{""description"": """", ""display"": ""Management"", ""id"": 4, ""name"": ""Management"", ""slug"": ""management"", ""url"": ""http://192.168.65.40:8000/api/ipam/roles/4/""}","{""description"": """", ""display"": ""DM-Buffalo"", ""id"": 6, ""name"": ""DM-Buffalo"", ""slug"": ""dm-buffalo"", ""url"": ""http://192.168.65.40:8000/api/dcim/sites/6/""}",6,dcim.site,"{""label"": ""Active"", ""value"": ""active""}",[],"{""description"": """", ""display"": ""Dunder-Mifflin, Inc."", ""id"": 2, ""name"": ""Dunder-Mifflin, Inc."", ""slug"": ""dunder-mifflin"", ""url"": ""http://192.168.65.40:8000/api/tenancy/tenants/2/""}",http://192.168.65.40:8000/api/ipam/prefixes/20/,,
3,0,,2026-03-01T04:26:53.025049Z,{},,10.112.141.0/24,http://192.168.65.40:8000/ipam/prefixes/21/,"{""label"": ""IPv4"", ""value"": 4}",21,False,2026-03-01T04:26:53.025066Z,False,,10.112.141.0/24,"{""description"": """", ""display"": ""Access - Data"", ""id"": 1, ""name"": ""Access - Data"", ""slug"": ""access-data"", ""url"": ""http://192.168.65.40:8000/api/ipam/roles/1/""}","{""description"": """", ""display"": ""DM-Buffalo"", ""id"": 6, ""name"": ""DM-Buffalo"", ""slug"": ""dm-buffalo"", ""url"": ""http://192.168.65.40:8000/api/dcim/sites/6/""}",6,dcim.site,"{""label"": ""Active"", ""value"": ""active""}",[],"{""description"": """", ""display"": ""Dunder-Mifflin, Inc."", ""id"": 2, ""name"": ""Dunder-Mifflin, Inc."", ""slug"": ""dunder-mifflin"", ""url"": ""http://192.168.65.40:8000/api/tenancy/tenants/2/""}",http://192.168.65.40:8000/api/ipam/prefixes/21/,"{""description"": """", ""display"": ""Data (100)"", ""id"": 10, ""name"": ""Data"", ""url"": ""http://192.168.65.40:8000/api/ipam/vlans/10/"", ""vid"": 100}",
3,0,,2026-03-01T04:26:53.100103Z,{},,10.112.142.0/24,http://192.168.65.40:8000/ipam/prefixes/22/,"{""label"": ""IPv4"", ""value"": 4}",22,False,2026-03-01T04:26:53.100121Z,False,,10.112.142.0/24,"{""description"": """", ""display"": ""Access - Voice"", ""id"": 2, ""name"": ""Access - Voice"", ""slug"": ""access-voice"", ""url"": ""http://192.168.65.40:8000/api/ipam/roles/2/""}","{""description"": """", ""display"": ""DM-Buffalo"", ""id"": 6, ""name"": ""DM-Buffalo"", ""slug"": ""dm-buffalo"", ""url"": ""http://192.168.65.40:8000/api/dcim/sites/6/""}",6,dcim.site,"{""label"": ""Active"", ""value"": ""active""}",[],"{""description"": """", ""display"": ""Dunder-Mifflin, Inc."", ""id"": 2, ""name"": ""Dunder-Mifflin, Inc."", ""slug"": ""dunder-mifflin"", ""url"": ""http://192.168.65.40:8000/api/tenancy/tenants/2/""}",http://192.168.65.40:8000/api/ipam/prefixes/22/,"{""description"": """", ""display"": ""Voice (200)"", ""id"": 11, ""name"": ""Voice"", ""url"": ""http://192.168.65.40:8000/api/ipam/vlans/11/"", ""vid"": 200}",
3,0,,2026-03-01T04:26:53.171395Z,{},,10.112.143.0/24,http://192.168.65.40:8000/ipam/prefixes/23/,"{""label"": ""IPv4"", ""value"": 4}",23,False,2026-03-01T04:26:53.171413Z,False,,10.112.143.0/24,"{""description"": """", ""display"": ""Access - Wireless"", ""id"": 3, ""name"": ""Access - Wireless"", ""slug"": ""access-wireless"", ""url"": ""http://192.168.65.40:8000/api/ipam/roles/3/""}","{""description"": """", ""display"": ""DM-Buffalo"", ""id"": 6, ""name"": ""DM-Buffalo"", ""slug"": ""dm-buffalo"", ""url"": ""http://192.168.65.40:8000/api/dcim/sites/6/""}",6,dcim.site,"{""label"": ""Active"", ""value"": ""active""}",[],"{""description"": """", ""display"": ""Dunder-Mifflin, Inc."", ""id"": 2, ""name"": ""Dunder-Mifflin, Inc."", ""slug"": ""dunder-mifflin"", ""url"": ""http://192.168.65.40:8000/api/tenancy/tenants/2/""}",http://192.168.65.40:8000/api/ipam/prefixes/23/,"{""description"": """", ""display"": ""Wireless (300)"", ""id"": 12, ""name"": ""Wireless"", ""url"": ""http://192.168.65.40:8000/api/ipam/vlans/12/"", ""vid"": 300}",
2,4,,2026-03-01T04:26:53.239981Z,{},,10.112.144.0/22,http://192.168.65.40:8000/ipam/prefixes/24/,"{""label"": ""IPv4"", ""value"": 4}",24,False,2026-03-01T04:26:53.239998Z,False,,10.112.144.0/22,,"{""description"": """", ""display"": ""DM-Camden"", ""id"": 7, ""name"": ""DM-Camden"", ""slug"": ""dm-camden"", ""url"": ""http://192.168.65.40:8000/api/dcim/sites/7/""}",7,dcim.site,"{""label"": ""Container"", ""value"": ""container""}",[],"{""description"": """", ""display"": ""Dunder-Mifflin, Inc."", ""id"": 2, ""name"": ""Dunder-Mifflin, Inc."", ""slug"": ""dunder-mifflin"", ""url"": ""http://192.168.65.40:8000/api/tenancy/tenants/2/""}",http://192.168.65.40:8000/api/ipam/prefixes/24/,,
3,0,,2026-03-01T04:26:53.308505Z,{},,10.112.144.0/28,http://192.168.65.40:8000/ipam/prefixes/25/,"{""label"": ""IPv4"", ""value"": 4}",25,False,2026-03-01T04:26:53.308522Z,False,,10.112.144.0/28,"{""description"": """", ""display"": ""Management"", ""id"": 4, ""name"": ""Management"", ""slug"": ""management"", ""url"": ""http://192.168.65.40:8000/api/ipam/roles/4/""}","{""description"": """", ""display"": ""DM-Camden"", ""id"": 7, ""name"": ""DM-Camden"", ""slug"": ""dm-camden"", ""url"": ""http://192.168.65.40:8000/api/dcim/sites/7/""}",7,dcim.site,"{""label"": ""Active"", ""value"": ""active""}",[],"{""description"": """", ""display"": ""Dunder-Mifflin, Inc."", ""id"": 2, ""name"": ""Dunder-Mifflin, Inc."", ""slug"": ""dunder-mifflin"", ""url"": ""http://192.168.65.40:8000/api/tenancy/tenants/2/""}",http://192.168.65.40:8000/api/ipam/prefixes/25/,,
3,0,,2026-03-01T04:26:53.378375Z,{},,10.112.145.0/24,http://192.168.65.40:8000/ipam/prefixes/26/,"{""label"": ""IPv4"", ""value"": 4}",26,False,2026-03-01T04:26:53.378392Z,False,,10.112.145.0/24,"{""description"": """", ""display"": ""Access - Data"", ""id"": 1, ""name"": ""Access - Data"", ""slug"": ""access-data"", ""url"": ""http://192.168.65.40:8000/api/ipam/roles/1/""}","{""description"": """", ""display"": ""DM-Camden"", ""id"": 7, ""name"": ""DM-Camden"", ""slug"": ""dm-camden"", ""url"": ""http://192.168.65.40:8000/api/dcim/sites/7/""}",7,dcim.site,"{""label"": ""Active"", ""value"": ""active""}",[],"{""description"": """", ""display"": ""Dunder-Mifflin, Inc."", ""id"": 2, ""name"": ""Dunder-Mifflin, Inc."", ""slug"": ""dunder-mifflin"", ""url"": ""http://192.168.65.40:8000/api/tenancy/tenants/2/""}",http://192.168.65.40:8000/api/ipam/prefixes/26/,"{""description"": """", ""display"": ""Data (100)"", ""id"": 13, ""name"": ""Data"", ""url"": ""http://192.168.65.40:8000/api/ipam/vlans/13/"", ""vid"": 100}",
3,0,,2026-03-01T04:26:53.477486Z,{},,10.112.146.0/24,http://192.168.65.40:8000/ipam/prefixes/27/,"{""label"": ""IPv4"", ""value"": 4}",27,False,2026-03-01T04:26:53.477504Z,False,,10.112.146.0/24,"{""description"": """", ""display"": ""Access - Voice"", ""id"": 2, ""name"": ""Access - Voice"", ""slug"": ""access-voice"", ""url"": ""http://192.168.65.40:8000/api/ipam/roles/2/""}","{""description"": """", ""display"": ""DM-Camden"", ""id"": 7, ""name"": ""DM-Camden"", ""slug"": ""dm-camden"", ""url"": ""http://192.168.65.40:8000/api/dcim/sites/7/""}",7,dcim.site,"{""label"": ""Active"", ""value"": ""active""}",[],"{""description"": """", ""display"": ""Dunder-Mifflin, Inc."", ""id"": 2, ""name"": ""Dunder-Mifflin, Inc."", ""slug"": ""dunder-mifflin"", ""url"": ""http://192.168.65.40:8000/api/tenancy/tenants/2/""}",http://192.168.65.40:8000/api/ipam/prefixes/27/,"{""description"": """", ""display"": ""Voice (200)"", ""id"": 14, ""name"": ""Voice"", ""url"": ""http://192.168.65.40:8000/api/ipam/vlans/14/"", ""vid"": 200}",
3,0,,2026-03-01T04:26:53.646117Z,{},,10.112.147.0/24,http://192.168.65.40:8000/ipam/prefixes/28/,"{""label"": ""IPv4"", ""value"": 4}",28,False,2026-03-01T04:26:53.646133Z,False,,10.112.147.0/24,"{""description"": """", ""display"": ""Access - Wireless"", ""id"": 3, ""name"": ""Access - Wireless"", ""slug"": ""access-wireless"", ""url"": ""http://192.168.65.40:8000/api/ipam/roles/3/""}","{""description"": """", ""display"": ""DM-Camden"", ""id"": 7, ""name"": ""DM-Camden"", ""slug"": ""dm-camden"", ""url"": ""http://192.168.65.40:8000/api/dcim/sites/7/""}",7,dcim.site,"{""label"": ""Active"", ""value"": ""active""}",[],"{""description"": """", ""display"": ""Dunder-Mifflin, Inc."", ""id"": 2, ""name"": ""Dunder-Mifflin, Inc."", ""slug"": ""dunder-mifflin"", ""url"": ""http://192.168.65.40:8000/api/tenancy/tenants/2/""}",http://192.168.65.40:8000/api/ipam/prefixes/28/,"{""description"": """", ""display"": ""Wireless (300)"", ""id"": 15, ""name"": ""Wireless"", ""url"": ""http://192.168.65.40:8000/api/ipam/vlans/15/"", ""vid"": 300}",
2,4,,2026-03-01T04:26:53.729436Z,{},,10.112.148.0/22,http://192.168.65.40:8000/ipam/prefixes/29/,"{""label"": ""IPv4"", ""value"": 4}",29,False,2026-03-01T04:26:53.729453Z,False,,10.112.148.0/22,,"{""description"": """", ""display"": ""DM-Nashua"", ""id"": 8, ""name"": ""DM-Nashua"", ""slug"": ""dm-nashua"", ""url"": ""http://192.168.65.40:8000/api/dcim/sites/8/""}",8,dcim.site,"{""label"": ""Container"", ""value"": ""container""}",[],"{""description"": """", ""display"": ""Dunder-Mifflin, Inc."", ""id"": 2, ""name"": ""Dunder-Mifflin, Inc."", ""slug"": ""dunder-mifflin"", ""url"": ""http://192.168.65.40:8000/api/tenancy/tenants/2/""}",http://192.168.65.40:8000/api/ipam/prefixes/29/,,
3,0,,2026-03-01T04:26:53.801557Z,{},,10.112.148.0/28,http://192.168.65.40:8000/ipam/prefixes/30/,"{""label"": ""IPv4"", ""value"": 4}",30,False,2026-03-01T04:26:53.801575Z,False,,10.112.148.0/28,"{""description"": """", ""display"": ""Management"", ""id"": 4, ""name"": ""Management"", ""slug"": ""management"", ""url"": ""http://192.168.65.40:8000/api/ipam/roles/4/""}","{""description"": """", ""display"": ""DM-Nashua"", ""id"": 8, ""name"": ""DM-Nashua"", ""slug"": ""dm-nashua"", ""url"": ""http://192.168.65.40:8000/api/dcim/sites/8/""}",8,dcim.site,"{""label"": ""Active"", ""value"": ""active""}",[],"{""description"": """", ""display"": ""Dunder-Mifflin, Inc."", ""id"": 2, ""name"": ""Dunder-Mifflin, Inc."", ""slug"": ""dunder-mifflin"", ""url"": ""http://192.168.65.40:8000/api/tenancy/tenants/2/""}",http://192.168.65.40:8000/api/ipam/prefixes/30/,,
3,0,,2026-03-01T04:26:53.893206Z,{},,10.112.149.0/24,http://192.168.65.40:8000/ipam/prefixes/31/,"{""label"": ""IPv4"", ""value"": 4}",31,False,2026-03-01T04:26:53.893223Z,False,,10.112.149.0/24,"{""description"": """", ""display"": ""Access - Data"", ""id"": 1, ""name"": ""Access - Data"", ""slug"": ""access-data"", ""url"": ""http://192.168.65.40:8000/api/ipam/roles/1/""}","{""description"": """", ""display"": ""DM-Nashua"", ""id"": 8, ""name"": ""DM-Nashua"", ""slug"": ""dm-nashua"", ""url"": ""http://192.168.65.40:8000/api/dcim/sites/8/""}",8,dcim.site,"{""label"": ""Active"", ""value"": ""active""}",[],"{""description"": """", ""display"": ""Dunder-Mifflin, Inc."", ""id"": 2, ""name"": ""Dunder-Mifflin, Inc."", ""slug"": ""dunder-mifflin"", ""url"": ""http://192.168.65.40:8000/api/tenancy/tenants/2/""}",http://192.168.65.40:8000/api/ipam/prefixes/31/,"{""description"": """", ""display"": ""Data (100)"", ""id"": 16, ""name"": ""Data"", ""url"": ""http://192.168.65.40:8000/api/ipam/vlans/16/"", ""vid"": 100}",
3,0,,2026-03-01T04:26:53.970775Z,{},,10.112.150.0/24,http://192.168.65.40:8000/ipam/prefixes/32/,"{""label"": ""IPv4"", ""value"": 4}",32,False,2026-03-01T04:26:53.970792Z,False,,10.112.150.0/24,"{""description"": """", ""display"": ""Access - Voice"", ""id"": 2, ""name"": ""Access - Voice"", ""slug"": ""access-voice"", ""url"": ""http://192.168.65.40:8000/api/ipam/roles/2/""}","{""description"": """", ""display"": ""DM-Nashua"", ""id"": 8, ""name"": ""DM-Nashua"", ""slug"": ""dm-nashua"", ""url"": ""http://192.168.65.40:8000/api/dcim/sites/8/""}",8,dcim.site,"{""label"": ""Active"", ""value"": ""active""}",[],"{""description"": """", ""display"": ""Dunder-Mifflin, Inc."", ""id"": 2, ""name"": ""Dunder-Mifflin, Inc."", ""slug"": ""dunder-mifflin"", ""url"": ""http://192.168.65.40:8000/api/tenancy/tenants/2/""}",http://192.168.65.40:8000/api/ipam/prefixes/32/,"{""description"": """", ""display"": ""Voice (200)"", ""id"": 17, ""name"": ""Voice"", ""url"": ""http://192.168.65.40:8000/api/ipam/vlans/17/"", ""vid"": 200}",
3,0,,2026-03-01T04:26:54.040397Z,{},,10.112.151.0/24,http://192.168.65.40:8000/ipam/prefixes/33/,"{""label"": ""IPv4"", ""value"": 4}",33,False,2026-03-01T04:26:54.040414Z,False,,10.112.151.0/24,"{""description"": """", ""display"": ""Access - Wireless"", ""id"": 3, ""name"": ""Access - Wireless"", ""slug"": ""access-wireless"", ""url"": ""http://192.168.65.40:8000/api/ipam/roles/3/""}","{""description"": """", ""display"": ""DM-Nashua"", ""id"": 8, ""name"": ""DM-Nashua"", ""slug"": ""dm-nashua"", ""url"": ""http://192.168.65.40:8000/api/dcim/sites/8/""}",8,dcim.site,"{""label"": ""Active"", ""value"": ""active""}",[],"{""description"": """", ""display"": ""Dunder-Mifflin, Inc."", ""id"": 2, ""name"": ""Dunder-Mifflin, Inc."", ""slug"": ""dunder-mifflin"", ""url"": ""http://192.168.65.40:8000/api/tenancy/tenants/2/""}",http://192.168.65.40:8000/api/ipam/prefixes/33/,"{""description"": """", ""display"": ""Wireless (300)"", ""id"": 18, ""name"": ""Wireless"", ""url"": ""http://192.168.65.40:8000/api/ipam/vlans/18/"", ""vid"": 300}",
2,4,,2026-03-01T04:26:54.111938Z,{},,10.112.152.0/22,http://192.168.65.40:8000/ipam/prefixes/34/,"{""label"": ""IPv4"", ""value"": 4}",34,False,2026-03-01T04:26:54.111958Z,False,,10.112.152.0/22,,"{""description"": """", ""display"": ""DM-Pittsfield"", ""id"": 10, ""name"": ""DM-Pittsfield"", ""slug"": ""dm-pittsfield"", ""url"": ""http://192.168.65.40:8000/api/dcim/sites/10/""}",10,dcim.site,"{""label"": ""Container"", ""value"": ""container""}",[],"{""description"": """", ""display"": ""Dunder-Mifflin, Inc."", ""id"": 2, ""name"": ""Dunder-Mifflin, Inc."", ""slug"": ""dunder-mifflin"", ""url"": ""http://192.168.65.40:8000/api/tenancy/tenants/2/""}",http://192.168.65.40:8000/api/ipam/prefixes/34/,,
3,0,,2026-03-01T04:26:54.188190Z,{},,10.112.152.0/28,http://192.168.65.40:8000/ipam/prefixes/35/,"{""label"": ""IPv4"", ""value"": 4}",35,False,2026-03-01T04:26:54.188206Z,False,,10.112.152.0/28,"{""description"": """", ""display"": ""Management"", ""id"": 4, ""name"": ""Management"", ""slug"": ""management"", ""url"": ""http://192.168.65.40:8000/api/ipam/roles/4/""}","{""description"": """", ""display"": ""DM-Pittsfield"", ""id"": 10, ""name"": ""DM-Pittsfield"", ""slug"": ""dm-pittsfield"", ""url"": ""http://192.168.65.40:8000/api/dcim/sites/10/""}",10,dcim.site,"{""label"": ""Active"", ""value"": ""active""}",[],"{""description"": """", ""display"": ""Dunder-Mifflin, Inc."", ""id"": 2, ""name"": ""Dunder-Mifflin, Inc."", ""slug"": ""dunder-mifflin"", ""url"": ""http://192.168.65.40:8000/api/tenancy/tenants/2/""}",http://192.168.65.40:8000/api/ipam/prefixes/35/,,
3,0,,2026-03-01T04:26:54.263912Z,{},,10.112.153.0/24,http://192.168.65.40:8000/ipam/prefixes/36/,"{""label"": ""IPv4"", ""value"": 4}",36,False,2026-03-01T04:26:54.263928Z,False,,10.112.153.0/24,"{""description"": """", ""display"": ""Access - Data"", ""id"": 1, ""name"": ""Access - Data"", ""slug"": ""access-data"", ""url"": ""http://192.168.65.40:8000/api/ipam/roles/1/""}","{""description"": """", ""display"": ""DM-Pittsfield"", ""id"": 10, ""name"": ""DM-Pittsfield"", ""slug"": ""dm-pittsfield"", ""url"": ""http://192.168.65.40:8000/api/dcim/sites/10/""}",10,dcim.site,"{""label"": ""Active"", ""value"": ""active""}",[],"{""description"": """", ""display"": ""Dunder-Mifflin, Inc."", ""id"": 2, ""name"": ""Dunder-Mifflin, Inc."", ""slug"": ""dunder-mifflin"", ""url"": ""http://192.168.65.40:8000/api/tenancy/tenants/2/""}",http://192.168.65.40:8000/api/ipam/prefixes/36/,"{""description"": """", ""display"": ""Data (100)"", ""id"": 19, ""name"": ""Data"", ""url"": ""http://192.168.65.40:8000/api/ipam/vlans/19/"", ""vid"": 100}",
3,0,,2026-03-01T04:26:54.339224Z,{},,10.112.154.0/24,http://192.168.65.40:8000/ipam/prefixes/37/,"{""label"": ""IPv4"", ""value"": 4}",37,False,2026-03-01T04:26:54.339241Z,False,,10.112.154.0/24,"{""description"": """", ""display"": ""Access - Voice"", ""id"": 2, ""name"": ""Access - Voice"", ""slug"": ""access-voice"", ""url"": ""http://192.168.65.40:8000/api/ipam/roles/2/""}","{""description"": """", ""display"": ""DM-Pittsfield"", ""id"": 10, ""name"": ""DM-Pittsfield"", ""slug"": ""dm-pittsfield"", ""url"": ""http://192.168.65.40:8000/api/dcim/sites/10/""}",10,dcim.site,"{""label"": ""Active"", ""value"": ""active""}",[],"{""description"": """", ""display"": ""Dunder-Mifflin, Inc."", ""id"": 2, ""name"": ""Dunder-Mifflin, Inc."", ""slug"": ""dunder-mifflin"", ""url"": ""http://192.168.65.40:8000/api/tenancy/tenants/2/""}",http://192.168.65.40:8000/api/ipam/prefixes/37/,"{""description"": """", ""display"": ""Voice (200)"", ""id"": 20, ""name"": ""Voice"", ""url"": ""http://192.168.65.40:8000/api/ipam/vlans/20/"", ""vid"": 200}",
3,0,,2026-03-01T04:26:54.411979Z,{},,10.112.155.0/24,http://192.168.65.40:8000/ipam/prefixes/38/,"{""label"": ""IPv4"", ""value"": 4}",38,False,2026-03-01T04:26:54.411996Z,False,,10.112.155.0/24,"{""description"": """", ""display"": ""Access - Wireless"", ""id"": 3, ""name"": ""Access - Wireless"", ""slug"": ""access-wireless"", ""url"": ""http://192.168.65.40:8000/api/ipam/roles/3/""}","{""description"": """", ""display"": ""DM-Pittsfield"", ""id"": 10, ""name"": ""DM-Pittsfield"", ""slug"": ""dm-pittsfield"", ""url"": ""http://192.168.65.40:8000/api/dcim/sites/10/""}",10,dcim.site,"{""label"": ""Active"", ""value"": ""active""}",[],"{""description"": """", ""display"": ""Dunder-Mifflin, Inc."", ""id"": 2, ""name"": ""Dunder-Mifflin, Inc."", ""slug"": ""dunder-mifflin"", ""url"": ""http://192.168.65.40:8000/api/tenancy/tenants/2/""}",http://192.168.65.40:8000/api/ipam/prefixes/38/,"{""description"": """", ""display"": ""Wireless (300)"", ""id"": 21, ""name"": ""Wireless"", ""url"": ""http://192.168.65.40:8000/api/ipam/vlans/21/"", ""vid"": 300}",
2,4,,2026-03-01T04:26:54.481752Z,{},,10.112.156.0/22,http://192.168.65.40:8000/ipam/prefixes/39/,"{""label"": ""IPv4"", ""value"": 4}",39,False,2026-03-01T04:26:54.481769Z,False,,10.112.156.0/22,,"{""description"": """", ""display"": ""DM-Rochester"", ""id"": 11, ""name"": ""DM-Rochester"", ""slug"": ""dm-rochester"", ""url"": ""http://192.168.65.40:8000/api/dcim/sites/11/""}",11,dcim.site,"{""label"": ""Container"", ""value"": ""container""}",[],"{""description"": """", ""display"": ""Dunder-Mifflin, Inc."", ""id"": 2, ""name"": ""Dunder-Mifflin, Inc."", ""slug"": ""dunder-mifflin"", ""url"": ""http://192.168.65.40:8000/api/tenancy/tenants/2/""}",http://192.168.65.40:8000/api/ipam/prefixes/39/,,
3,0,,2026-03-01T04:26:54.547118Z,{},,10.112.156.0/28,http://192.168.65.40:8000/ipam/prefixes/40/,"{""label"": ""IPv4"", ""value"": 4}",40,False,2026-03-01T04:26:54.547135Z,False,,10.112.156.0/28,"{""description"": """", ""display"": ""Management"", ""id"": 4, ""name"": ""Management"", ""slug"": ""management"", ""url"": ""http://192.168.65.40:8000/api/ipam/roles/4/""}","{""description"": """", ""display"": ""DM-Rochester"", ""id"": 11, ""name"": ""DM-Rochester"", ""slug"": ""dm-rochester"", ""url"": ""http://192.168.65.40:8000/api/dcim/sites/11/""}",11,dcim.site,"{""label"": ""Active"", ""value"": ""active""}",[],"{""description"": """", ""display"": ""Dunder-Mifflin, Inc."", ""id"": 2, ""name"": ""Dunder-Mifflin, Inc."", ""slug"": ""dunder-mifflin"", ""url"": ""http://192.168.65.40:8000/api/tenancy/tenants/2/""}",http://192.168.65.40:8000/api/ipam/prefixes/40/,,
3,0,,2026-03-01T04:26:54.612453Z,{},,10.112.157.0/24,http://192.168.65.40:8000/ipam/prefixes/41/,"{""label"": ""IPv4"", ""value"": 4}",41,False,2026-03-01T04:26:54.612469Z,False,,10.112.157.0/24,"{""description"": """", ""display"": ""Access - Data"", ""id"": 1, ""name"": ""Access - Data"", ""slug"": ""access-data"", ""url"": ""http://192.168.65.40:8000/api/ipam/roles/1/""}","{""description"": """", ""display"": ""DM-Rochester"", ""id"": 11, ""name"": ""DM-Rochester"", ""slug"": ""dm-rochester"", ""url"": ""http://192.168.65.40:8000/api/dcim/sites/11/""}",11,dcim.site,"{""label"": ""Active"", ""value"": ""active""}",[],"{""description"": """", ""display"": ""Dunder-Mifflin, Inc."", ""id"": 2, ""name"": ""Dunder-Mifflin, Inc."", ""slug"": ""dunder-mifflin"", ""url"": ""http://192.168.65.40:8000/api/tenancy/tenants/2/""}",http://192.168.65.40:8000/api/ipam/prefixes/41/,"{""description"": """", ""display"": ""Data (100)"", ""id"": 22, ""name"": ""Data"", ""url"": ""http://192.168.65.40:8000/api/ipam/vlans/22/"", ""vid"": 100}",
3,0,,2026-03-01T04:26:54.684165Z,{},,10.112.158.0/24,http://192.168.65.40:8000/ipam/prefixes/42/,"{""label"": ""IPv4"", ""value"": 4}",42,False,2026-03-01T04:26:54.684183Z,False,,10.112.158.0/24,"{""description"": """", ""display"": ""Access - Voice"", ""id"": 2, ""name"": ""Access - Voice"", ""slug"": ""access-voice"", ""url"": ""http://192.168.65.40:8000/api/ipam/roles/2/""}","{""description"": """", ""display"": ""DM-Rochester"", ""id"": 11, ""name"": ""DM-Rochester"", ""slug"": ""dm-rochester"", ""url"": ""http://192.168.65.40:8000/api/dcim/sites/11/""}",11,dcim.site,"{""label"": ""Active"", ""value"": ""active""}",[],"{""description"": """", ""display"": ""Dunder-Mifflin, Inc."", ""id"": 2, ""name"": ""Dunder-Mifflin, Inc."", ""slug"": ""dunder-mifflin"", ""url"": ""http://192.168.65.40:8000/api/tenancy/tenants/2/""}",http://192.168.65.40:8000/api/ipam/prefixes/42/,"{""description"": """", ""display"": ""Voice (200)"", ""id"": 23, ""name"": ""Voice"", ""url"": ""http://192.168.65.40:8000/api/ipam/vlans/23/"", ""vid"": 200}",
3,0,,2026-03-01T04:26:54.757550Z,{},,10.112.159.0/24,http://192.168.65.40:8000/ipam/prefixes/43/,"{""label"": ""IPv4"", ""value"": 4}",43,False,2026-03-01T04:26:54.757568Z,False,,10.112.159.0/24,"{""description"": """", ""display"": ""Access - Wireless"", ""id"": 3, ""name"": ""Access - Wireless"", ""slug"": ""access-wireless"", ""url"": ""http://192.168.65.40:8000/api/ipam/roles/3/""}","{""description"": """", ""display"": ""DM-Rochester"", ""id"": 11, ""name"": ""DM-Rochester"", ""slug"": ""dm-rochester"", ""url"": ""http://192.168.65.40:8000/api/dcim/sites/11/""}",11,dcim.site,"{""label"": ""Active"", ""value"": ""active""}",[],"{""description"": """", ""display"": ""Dunder-Mifflin, Inc."", ""id"": 2, ""name"": ""Dunder-Mifflin, Inc."", ""slug"": ""dunder-mifflin"", ""url"": ""http://192.168.65.40:8000/api/tenancy/tenants/2/""}",http://192.168.65.40:8000/api/ipam/prefixes/43/,"{""description"": """", ""display"": ""Wireless (300)"", ""id"": 24, ""name"": ""Wireless"", ""url"": ""http://192.168.65.40:8000/api/ipam/vlans/24/"", ""vid"": 300}",
2,4,,2026-03-01T04:26:54.827238Z,{},,10.112.160.0/22,http://192.168.65.40:8000/ipam/prefixes/44/,"{""label"": ""IPv4"", ""value"": 4}",44,False,2026-03-01T04:26:54.827255Z,False,,10.112.160.0/22,,"{""description"": """", ""display"": ""DM-Scranton"", ""id"": 12, ""name"": ""DM-Scranton"", ""slug"": ""dm-scranton"", ""url"": ""http://192.168.65.40:8000/api/dcim/sites/12/""}",12,dcim.site,"{""label"": ""Container"", ""value"": ""container""}",[],"{""description"": """", ""display"": ""Dunder-Mifflin, Inc."", ""id"": 2, ""name"": ""Dunder-Mifflin, Inc."", ""slug"": ""dunder-mifflin"", ""url"": ""http://192.168.65.40:8000/api/tenancy/tenants/2/""}",http://192.168.65.40:8000/api/ipam/prefixes/44/,,
3,0,,2026-03-01T04:26:54.907540Z,{},,10.112.160.0/28,http://192.168.65.40:8000/ipam/prefixes/45/,"{""label"": ""IPv4"", ""value"": 4}",45,False,2026-03-01T04:26:54.907557Z,False,,10.112.160.0/28,"{""description"": """", ""display"": ""Management"", ""id"": 4, ""name"": ""Management"", ""slug"": ""management"", ""url"": ""http://192.168.65.40:8000/api/ipam/roles/4/""}","{""description"": """", ""display"": ""DM-Scranton"", ""id"": 12, ""name"": ""DM-Scranton"", ""slug"": ""dm-scranton"", ""url"": ""http://192.168.65.40:8000/api/dcim/sites/12/""}",12,dcim.site,"{""label"": ""Active"", ""value"": ""active""}",[],"{""description"": """", ""display"": ""Dunder-Mifflin, Inc."", ""id"": 2, ""name"": ""Dunder-Mifflin, Inc."", ""slug"": ""dunder-mifflin"", ""url"": ""http://192.168.65.40:8000/api/tenancy/tenants/2/""}",http://192.168.65.40:8000/api/ipam/prefixes/45/,,
3,0,,2026-03-01T04:26:54.992264Z,{},,10.112.161.0/24,http://192.168.65.40:8000/ipam/prefixes/46/,"{""label"": ""IPv4"", ""value"": 4}",46,False,2026-03-01T04:26:54.992282Z,False,,10.112.161.0/24,"{""description"": """", ""display"": ""Access - Data"", ""id"": 1, ""name"": ""Access - Data"", ""slug"": ""access-data"", ""url"": ""http://192.168.65.40:8000/api/ipam/roles/1/""}","{""description"": """", ""display"": ""DM-Scranton"", ""id"": 12, ""name"": ""DM-Scranton"", ""slug"": ""dm-scranton"", ""url"": ""http://192.168.65.40:8000/api/dcim/sites/12/""}",12,dcim.site,"{""label"": ""Active"", ""value"": ""active""}",[],"{""description"": """", ""display"": ""Dunder-Mifflin, Inc."", ""id"": 2, ""name"": ""Dunder-Mifflin, Inc."", ""slug"": ""dunder-mifflin"", ""url"": ""http://192.168.65.40:8000/api/tenancy/tenants/2/""}",http://192.168.65.40:8000/api/ipam/prefixes/46/,"{""description"": """", ""display"": ""Data (100)"", ""id"": 25, ""name"": ""Data"", ""url"": ""http://192.168.65.40:8000/api/ipam/vlans/25/"", ""vid"": 100}",
3,0,,2026-03-01T04:26:55.062282Z,{},,10.112.162.0/24,http://192.168.65.40:8000/ipam/prefixes/47/,"{""label"": ""IPv4"", ""value"": 4}",47,False,2026-03-01T04:26:55.062298Z,False,,10.112.162.0/24,"{""description"": """", ""display"": ""Access - Voice"", ""id"": 2, ""name"": ""Access - Voice"", ""slug"": ""access-voice"", ""url"": ""http://192.168.65.40:8000/api/ipam/roles/2/""}","{""description"": """", ""display"": ""DM-Scranton"", ""id"": 12, ""name"": ""DM-Scranton"", ""slug"": ""dm-scranton"", ""url"": ""http://192.168.65.40:8000/api/dcim/sites/12/""}",12,dcim.site,"{""label"": ""Active"", ""value"": ""active""}",[],"{""description"": """", ""display"": ""Dunder-Mifflin, Inc."", ""id"": 2, ""name"": ""Dunder-Mifflin, Inc."", ""slug"": ""dunder-mifflin"", ""url"": ""http://192.168.65.40:8000/api/tenancy/tenants/2/""}",http://192.168.65.40:8000/api/ipam/prefixes/47/,"{""description"": """", ""display"": ""Voice (200)"", ""id"": 26, ""name"": ""Voice"", ""url"": ""http://192.168.65.40:8000/api/ipam/vlans/26/"", ""vid"": 200}",
3,0,,2026-03-01T04:26:55.138314Z,{},,10.112.163.0/24,http://192.168.65.40:8000/ipam/prefixes/48/,"{""label"": ""IPv4"", ""value"": 4}",48,False,2026-03-01T04:26:55.138331Z,False,,10.112.163.0/24,"{""description"": """", ""display"": ""Access - Wireless"", ""id"": 3, ""name"": ""Access - Wireless"", ""slug"": ""access-wireless"", ""url"": ""http://192.168.65.40:8000/api/ipam/roles/3/""}","{""description"": """", ""display"": ""DM-Scranton"", ""id"": 12, ""name"": ""DM-Scranton"", ""slug"": ""dm-scranton"", ""url"": ""http://192.168.65.40:8000/api/dcim/sites/12/""}",12,dcim.site,"{""label"": ""Active"", ""value"": ""active""}",[],"{""description"": """", ""display"": ""Dunder-Mifflin, Inc."", ""id"": 2, ""name"": ""Dunder-Mifflin, Inc."", ""slug"": ""dunder-mifflin"", ""url"": ""http://192.168.65.40:8000/api/tenancy/tenants/2/""}",http://192.168.65.40:8000/api/ipam/prefixes/48/,"{""description"": """", ""display"": ""Wireless (300)"", ""id"": 27, ""name"": ""Wireless"", ""url"": ""http://192.168.65.40:8000/api/ipam/vlans/27/"", ""vid"": 300}",
2,4,,2026-03-01T04:26:55.210225Z,{},,10.112.164.0/22,http://192.168.65.40:8000/ipam/prefixes/49/,"{""label"": ""IPv4"", ""value"": 4}",49,False,2026-03-01T04:26:55.210242Z,False,,10.112.164.0/22,,"{""description"": """", ""display"": ""DM-Stamford"", ""id"": 13, ""name"": ""DM-Stamford"", ""slug"": ""dm-stamford"", ""url"": ""http://192.168.65.40:8000/api/dcim/sites/13/""}",13,dcim.site,"{""label"": ""Container"", ""value"": ""container""}",[],"{""description"": """", ""display"": ""Dunder-Mifflin, Inc."", ""id"": 2, ""name"": ""Dunder-Mifflin, Inc."", ""slug"": ""dunder-mifflin"", ""url"": ""http://192.168.65.40:8000/api/tenancy/tenants/2/""}",http://192.168.65.40:8000/api/ipam/prefixes/49/,,
3,0,,2026-03-01T04:26:55.282216Z,{},,10.112.164.0/28,http://192.168.65.40:8000/ipam/prefixes/50/,"{""label"": ""IPv4"", ""value"": 4}",50,False,2026-03-01T04:26:55.282233Z,False,,10.112.164.0/28,"{""description"": """", ""display"": ""Management"", ""id"": 4, ""name"": ""Management"", ""slug"": ""management"", ""url"": ""http://192.168.65.40:8000/api/ipam/roles/4/""}","{""description"": """", ""display"": ""DM-Stamford"", ""id"": 13, ""name"": ""DM-Stamford"", ""slug"": ""dm-stamford"", ""url"": ""http://192.168.65.40:8000/api/dcim/sites/13/""}",13,dcim.site,"{""label"": ""Active"", ""value"": ""active""}",[],"{""description"": """", ""display"": ""Dunder-Mifflin, Inc."", ""id"": 2, ""name"": ""Dunder-Mifflin, Inc."", ""slug"": ""dunder-mifflin"", ""url"": ""http://192.168.65.40:8000/api/tenancy/tenants/2/""}",http://192.168.65.40:8000/api/ipam/prefixes/50/,,
3,0,,2026-03-01T04:26:55.355956Z,{},,10.112.165.0/24,http://192.168.65.40:8000/ipam/prefixes/51/,"{""label"": ""IPv4"", ""value"": 4}",51,False,2026-03-01T04:26:55.355974Z,False,,10.112.165.0/24,"{""description"": """", ""display"": ""Access - Data"", ""id"": 1, ""name"": ""Access - Data"", ""slug"": ""access-data"", ""url"": ""http://192.168.65.40:8000/api/ipam/roles/1/""}","{""description"": """", ""display"": ""DM-Stamford"", ""id"": 13, ""name"": ""DM-Stamford"", ""slug"": ""dm-stamford"", ""url"": ""http://192.168.65.40:8000/api/dcim/sites/13/""}",13,dcim.site,"{""label"": ""Active"", ""value"": ""active""}",[],"{""description"": """", ""display"": ""Dunder-Mifflin, Inc."", ""id"": 2, ""name"": ""Dunder-Mifflin, Inc."", ""slug"": ""dunder-mifflin"", ""url"": ""http://192.168.65.40:8000/api/tenancy/tenants/2/""}",http://192.168.65.40:8000/api/ipam/prefixes/51/,"{""description"": """", ""display"": ""Data (100)"", ""id"": 28, ""name"": ""Data"", ""url"": ""http://192.168.65.40:8000/api/ipam/vlans/28/"", ""vid"": 100}",
3,0,,2026-03-01T04:26:55.428032Z,{},,10.112.166.0/24,http://192.168.65.40:8000/ipam/prefixes/52/,"{""label"": ""IPv4"", ""value"": 4}",52,False,2026-03-01T04:26:55.428049Z,False,,10.112.166.0/24,"{""description"": """", ""display"": ""Access - Voice"", ""id"": 2, ""name"": ""Access - Voice"", ""slug"": ""access-voice"", ""url"": ""http://192.168.65.40:8000/api/ipam/roles/2/""}","{""description"": """", ""display"": ""DM-Stamford"", ""id"": 13, ""name"": ""DM-Stamford"", ""slug"": ""dm-stamford"", ""url"": ""http://192.168.65.40:8000/api/dcim/sites/13/""}",13,dcim.site,"{""label"": ""Active"", ""value"": ""active""}",[],"{""description"": """", ""display"": ""Dunder-Mifflin, Inc."", ""id"": 2, ""name"": ""Dunder-Mifflin, Inc."", ""slug"": ""dunder-mifflin"", ""url"": ""http://192.168.65.40:8000/api/tenancy/tenants/2/""}",http://192.168.65.40:8000/api/ipam/prefixes/52/,"{""description"": """", ""display"": ""Voice (200)"", ""id"": 29, ""name"": ""Voice"", ""url"": ""http://192.168.65.40:8000/api/ipam/vlans/29/"", ""vid"": 200}",
3,0,,2026-03-01T04:26:55.502606Z,{},,10.112.167.0/24,http://192.168.65.40:8000/ipam/prefixes/53/,"{""label"": ""IPv4"", ""value"": 4}",53,False,2026-03-01T04:26:55.502624Z,False,,10.112.167.0/24,"{""description"": """", ""display"": ""Access - Wireless"", ""id"": 3, ""name"": ""Access - Wireless"", ""slug"": ""access-wireless"", ""url"": ""http://192.168.65.40:8000/api/ipam/roles/3/""}","{""description"": """", ""display"": ""DM-Stamford"", ""id"": 13, ""name"": ""DM-Stamford"", ""slug"": ""dm-stamford"", ""url"": ""http://192.168.65.40:8000/api/dcim/sites/13/""}",13,dcim.site,"{""label"": ""Active"", ""value"": ""active""}",[],"{""description"": """", ""display"": ""Dunder-Mifflin, Inc."", ""id"": 2, ""name"": ""Dunder-Mifflin, Inc."", ""slug"": ""dunder-mifflin"", ""url"": ""http://192.168.65.40:8000/api/tenancy/tenants/2/""}",http://192.168.65.40:8000/api/ipam/prefixes/53/,"{""description"": """", ""display"": ""Wireless (300)"", ""id"": 30, ""name"": ""Wireless"", ""url"": ""http://192.168.65.40:8000/api/ipam/vlans/30/"", ""vid"": 300}",
2,4,,2026-03-01T04:26:55.575958Z,{},,10.112.168.0/22,http://192.168.65.40:8000/ipam/prefixes/54/,"{""label"": ""IPv4"", ""value"": 4}",54,False,2026-03-01T04:26:55.575975Z,False,,10.112.168.0/22,,"{""description"": """", ""display"": ""DM-Syracuse"", ""id"": 14, ""name"": ""DM-Syracuse"", ""slug"": ""dm-syracuse"", ""url"": ""http://192.168.65.40:8000/api/dcim/sites/14/""}",14,dcim.site,"{""label"": ""Container"", ""value"": ""container""}",[],"{""description"": """", ""display"": ""Dunder-Mifflin, Inc."", ""id"": 2, ""name"": ""Dunder-Mifflin, Inc."", ""slug"": ""dunder-mifflin"", ""url"": ""http://192.168.65.40:8000/api/tenancy/tenants/2/""}",http://192.168.65.40:8000/api/ipam/prefixes/54/,,
3,0,,2026-03-01T04:26:55.646598Z,{},,10.112.168.0/28,http://192.168.65.40:8000/ipam/prefixes/55/,"{""label"": ""IPv4"", ""value"": 4}",55,False,2026-03-01T04:26:55.646615Z,False,,10.112.168.0/28,"{""description"": """", ""display"": ""Management"", ""id"": 4, ""name"": ""Management"", ""slug"": ""management"", ""url"": ""http://192.168.65.40:8000/api/ipam/roles/4/""}","{""description"": """", ""display"": ""DM-Syracuse"", ""id"": 14, ""name"": ""DM-Syracuse"", ""slug"": ""dm-syracuse"", ""url"": ""http://192.168.65.40:8000/api/dcim/sites/14/""}",14,dcim.site,"{""label"": ""Active"", ""value"": ""active""}",[],"{""description"": """", ""display"": ""Dunder-Mifflin, Inc."", ""id"": 2, ""name"": ""Dunder-Mifflin, Inc."", ""slug"": ""dunder-mifflin"", ""url"": ""http://192.168.65.40:8000/api/tenancy/tenants/2/""}",http://192.168.65.40:8000/api/ipam/prefixes/55/,,
3,0,,2026-03-01T04:26:55.719645Z,{},,10.112.169.0/24,http://192.168.65.40:8000/ipam/prefixes/56/,"{""label"": ""IPv4"", ""value"": 4}",56,False,2026-03-01T04:26:55.719662Z,False,,10.112.169.0/24,"{""description"": """", ""display"": ""Access - Data"", ""id"": 1, ""name"": ""Access - Data"", ""slug"": ""access-data"", ""url"": ""http://192.168.65.40:8000/api/ipam/roles/1/""}","{""description"": """", ""display"": ""DM-Syracuse"", ""id"": 14, ""name"": ""DM-Syracuse"", ""slug"": ""dm-syracuse"", ""url"": ""http://192.168.65.40:8000/api/dcim/sites/14/""}",14,dcim.site,"{""label"": ""Active"", ""value"": ""active""}",[],"{""description"": """", ""display"": ""Dunder-Mifflin, Inc."", ""id"": 2, ""name"": ""Dunder-Mifflin, Inc."", ""slug"": ""dunder-mifflin"", ""url"": ""http://192.168.65.40:8000/api/tenancy/tenants/2/""}",http://192.168.65.40:8000/api/ipam/prefixes/56/,"{""description"": """", ""display"": ""Data (100)"", ""id"": 31, ""name"": ""Data"", ""url"": ""http://192.168.65.40:8000/api/ipam/vlans/31/"", ""vid"": 100}",
3,0,,2026-03-01T04:26:55.790441Z,{},,10.112.170.0/24,http://192.168.65.40:8000/ipam/prefixes/57/,"{""label"": ""IPv4"", ""value"": 4}",57,False,2026-03-01T04:26:55.790457Z,False,,10.112.170.0/24,"{""description"": """", ""display"": ""Access - Voice"", ""id"": 2, ""name"": ""Access - Voice"", ""slug"": ""access-voice"", ""url"": ""http://192.168.65.40:8000/api/ipam/roles/2/""}","{""description"": """", ""display"": ""DM-Syracuse"", ""id"": 14, ""name"": ""DM-Syracuse"", ""slug"": ""dm-syracuse"", ""url"": ""http://192.168.65.40:8000/api/dcim/sites/14/""}",14,dcim.site,"{""label"": ""Active"", ""value"": ""active""}",[],"{""description"": """", ""display"": ""Dunder-Mifflin, Inc."", ""id"": 2, ""name"": ""Dunder-Mifflin, Inc."", ""slug"": ""dunder-mifflin"", ""url"": ""http://192.168.65.40:8000/api/tenancy/tenants/2/""}",http://192.168.65.40:8000/api/ipam/prefixes/57/,"{""description"": """", ""display"": ""Voice (200)"", ""id"": 32, ""name"": ""Voice"", ""url"": ""http://192.168.65.40:8000/api/ipam/vlans/32/"", ""vid"": 200}",
3,0,,2026-03-01T04:26:55.870605Z,{},,10.112.171.0/24,http://192.168.65.40:8000/ipam/prefixes/58/,"{""label"": ""IPv4"", ""value"": 4}",58,False,2026-03-01T04:26:55.870622Z,False,,10.112.171.0/24,"{""description"": """", ""display"": ""Access - Wireless"", ""id"": 3, ""name"": ""Access - Wireless"", ""slug"": ""access-wireless"", ""url"": ""http://192.168.65.40:8000/api/ipam/roles/3/""}","{""description"": """", ""display"": ""DM-Syracuse"", ""id"": 14, ""name"": ""DM-Syracuse"", ""slug"": ""dm-syracuse"", ""url"": ""http://192.168.65.40:8000/api/dcim/sites/14/""}",14,dcim.site,"{""label"": ""Active"", ""value"": ""active""}",[],"{""description"": """", ""display"": ""Dunder-Mifflin, Inc."", ""id"": 2, ""name"": ""Dunder-Mifflin, Inc."", ""slug"": ""dunder-mifflin"", ""url"": ""http://192.168.65.40:8000/api/tenancy/tenants/2/""}",http://192.168.65.40:8000/api/ipam/prefixes/58/,"{""description"": """", ""display"": ""Wireless (300)"", ""id"": 33, ""name"": ""Wireless"", ""url"": ""http://192.168.65.40:8000/api/ipam/vlans/33/"", ""vid"": 300}",
2,4,,2026-03-01T04:26:55.937939Z,{},,10.112.172.0/22,http://192.168.65.40:8000/ipam/prefixes/59/,"{""label"": ""IPv4"", ""value"": 4}",59,False,2026-03-01T04:26:55.937956Z,False,,10.112.172.0/22,,"{""description"": """", ""display"": ""DM-Utica"", ""id"": 15, ""name"": ""DM-Utica"", ""slug"": ""dm-utica"", ""url"": ""http://192.168.65.40:8000/api/dcim/sites/15/""}",15,dcim.site,"{""label"": ""Container"", ""value"": ""container""}",[],"{""description"": """", ""display"": ""Dunder-Mifflin, Inc."", ""id"": 2, ""name"": ""Dunder-Mifflin, Inc."", ""slug"": ""dunder-mifflin"", ""url"": ""http://192.168.65.40:8000/api/tenancy/tenants/2/""}",http://192.168.65.40:8000/api/ipam/prefixes/59/,,
3,0,,2026-03-01T04:26:56.022360Z,{},,10.112.172.0/28,http://192.168.65.40:8000/ipam/prefixes/60/,"{""label"": ""IPv4"", ""value"": 4}",60,False,2026-03-01T04:26:56.022378Z,False,,10.112.172.0/28,"{""description"": """", ""display"": ""Management"", ""id"": 4, ""name"": ""Management"", ""slug"": ""management"", ""url"": ""http://192.168.65.40:8000/api/ipam/roles/4/""}","{""description"": """", ""display"": ""DM-Utica"", ""id"": 15, ""name"": ""DM-Utica"", ""slug"": ""dm-utica"", ""url"": ""http://192.168.65.40:8000/api/dcim/sites/15/""}",15,dcim.site,"{""label"": ""Active"", ""value"": ""active""}",[],"{""description"": """", ""display"": ""Dunder-Mifflin, Inc."", ""id"": 2, ""name"": ""Dunder-Mifflin, Inc."", ""slug"": ""dunder-mifflin"", ""url"": ""http://192.168.65.40:8000/api/tenancy/tenants/2/""}",http://192.168.65.40:8000/api/ipam/prefixes/60/,,
3,0,,2026-03-01T04:26:56.094315Z,{},,10.112.173.0/24,http://192.168.65.40:8000/ipam/prefixes/61/,"{""label"": ""IPv4"", ""value"": 4}",61,False,2026-03-01T04:26:56.094364Z,False,,10.112.173.0/24,"{""description"": """", ""display"": ""Access - Data"", ""id"": 1, ""name"": ""Access - Data"", ""slug"": ""access-data"", ""url"": ""http://192.168.65.40:8000/api/ipam/roles/1/""}","{""description"": """", ""display"": ""DM-Utica"", ""id"": 15, ""name"": ""DM-Utica"", ""slug"": ""dm-utica"", ""url"": ""http://192.168.65.40:8000/api/dcim/sites/15/""}",15,dcim.site,"{""label"": ""Active"", ""value"": ""active""}",[],"{""description"": """", ""display"": ""Dunder-Mifflin, Inc."", ""id"": 2, ""name"": ""Dunder-Mifflin, Inc."", ""slug"": ""dunder-mifflin"", ""url"": ""http://192.168.65.40:8000/api/tenancy/tenants/2/""}",http://192.168.65.40:8000/api/ipam/prefixes/61/,"{""description"": """", ""display"": ""Data (100)"", ""id"": 34, ""name"": ""Data"", ""url"": ""http://192.168.65.40:8000/api/ipam/vlans/34/"", ""vid"": 100}",
3,0,,2026-03-01T04:26:56.172077Z,{},,10.112.174.0/24,http://192.168.65.40:8000/ipam/prefixes/62/,"{""label"": ""IPv4"", ""value"": 4}",62,False,2026-03-01T04:26:56.172095Z,False,,10.112.174.0/24,"{""description"": """", ""display"": ""Access - Voice"", ""id"": 2, ""name"": ""Access - Voice"", ""slug"": ""access-voice"", ""url"": ""http://192.168.65.40:8000/api/ipam/roles/2/""}","{""description"": """", ""display"": ""DM-Utica"", ""id"": 15, ""name"": ""DM-Utica"", ""slug"": ""dm-utica"", ""url"": ""http://192.168.65.40:8000/api/dcim/sites/15/""}",15,dcim.site,"{""label"": ""Active"", ""value"": ""active""}",[],"{""description"": """", ""display"": ""Dunder-Mifflin, Inc."", ""id"": 2, ""name"": ""Dunder-Mifflin, Inc."", ""slug"": ""dunder-mifflin"", ""url"": ""http://192.168.65.40:8000/api/tenancy/tenants/2/""}",http://192.168.65.40:8000/api/ipam/prefixes/62/,"{""description"": """", ""display"": ""Voice (200)"", ""id"": 35, ""name"": ""Voice"", ""url"": ""http://192.168.65.40:8000/api/ipam/vlans/35/"", ""vid"": 200}",
3,0,,2026-03-01T04:26:56.257068Z,{},,10.112.175.0/24,http://192.168.65.40:8000/ipam/prefixes/63/,"{""label"": ""IPv4"", ""value"": 4}",63,False,2026-03-01T04:26:56.257089Z,False,,10.112.175.0/24,"{""description"": """", ""display"": ""Access - Wireless"", ""id"": 3, ""name"": ""Access - Wireless"", ""slug"": ""access-wireless"", ""url"": ""http://192.168.65.40:8000/api/ipam/roles/3/""}","{""description"": """", ""display"": ""DM-Utica"", ""id"": 15, ""name"": ""DM-Utica"", ""slug"": ""dm-utica"", ""url"": ""http://192.168.65.40:8000/api/dcim/sites/15/""}",15,dcim.site,"{""label"": ""Active"", ""value"": ""active""}",[],"{""description"": """", ""display"": ""Dunder-Mifflin, Inc."", ""id"": 2, ""name"": ""Dunder-Mifflin, Inc."", ""slug"": ""dunder-mifflin"", ""url"": ""http://192.168.65.40:8000/api/tenancy/tenants/2/""}",http://192.168.65.40:8000/api/ipam/prefixes/63/,"{""description"": """", ""display"": ""Wireless (300)"", ""id"": 36, ""name"": ""Wireless"", ""url"": ""http://192.168.65.40:8000/api/ipam/vlans/36/"", ""vid"": 300}",
2,4,,2026-03-01T04:26:56.332584Z,{},,10.112.176.0/22,http://192.168.65.40:8000/ipam/prefixes/64/,"{""label"": ""IPv4"", ""value"": 4}",64,False,2026-03-01T04:26:56.332602Z,False,,10.112.176.0/22,,"{""description"": """", ""display"": ""DM-Yonkers"", ""id"": 16, ""name"": ""DM-Yonkers"", ""slug"": ""dm-yonkers"", ""url"": ""http://192.168.65.40:8000/api/dcim/sites/16/""}",16,dcim.site,"{""label"": ""Container"", ""value"": ""container""}",[],"{""description"": """", ""display"": ""Dunder-Mifflin, Inc."", ""id"": 2, ""name"": ""Dunder-Mifflin, Inc."", ""slug"": ""dunder-mifflin"", ""url"": ""http://192.168.65.40:8000/api/tenancy/tenants/2/""}",http://192.168.65.40:8000/api/ipam/prefixes/64/,,
3,0,,2026-03-01T04:26:56.402110Z,{},,10.112.176.0/28,http://192.168.65.40:8000/ipam/prefixes/65/,"{""label"": ""IPv4"", ""value"": 4}",65,False,2026-03-01T04:26:56.402127Z,False,,10.112.176.0/28,"{""description"": """", ""display"": ""Management"", ""id"": 4, ""name"": ""Management"", ""slug"": ""management"", ""url"": ""http://192.168.65.40:8000/api/ipam/roles/4/""}","{""description"": """", ""display"": ""DM-Yonkers"", ""id"": 16, ""name"": ""DM-Yonkers"", ""slug"": ""dm-yonkers"", ""url"": ""http://192.168.65.40:8000/api/dcim/sites/16/""}",16,dcim.site,"{""label"": ""Active"", ""value"": ""active""}",[],"{""description"": """", ""display"": ""Dunder-Mifflin, Inc."", ""id"": 2, ""name"": ""Dunder-Mifflin, Inc."", ""slug"": ""dunder-mifflin"", ""url"": ""http://192.168.65.40:8000/api/tenancy/tenants/2/""}",http://192.168.65.40:8000/api/ipam/prefixes/65/,,
3,0,,2026-03-01T04:26:56.473454Z,{},,10.112.177.0/24,http://192.168.65.40:8000/ipam/prefixes/66/,"{""label"": ""IPv4"", ""value"": 4}",66,False,2026-03-01T04:26:56.473471Z,False,,10.112.177.0/24,"{""description"": """", ""display"": ""Access - Data"", ""id"": 1, ""name"": ""Access - Data"", ""slug"": ""access-data"", ""url"": ""http://192.168.65.40:8000/api/ipam/roles/1/""}","{""description"": """", ""display"": ""DM-Yonkers"", ""id"": 16, ""name"": ""DM-Yonkers"", ""slug"": ""dm-yonkers"", ""url"": ""http://192.168.65.40:8000/api/dcim/sites/16/""}",16,dcim.site,"{""label"": ""Active"", ""value"": ""active""}",[],"{""description"": """", ""display"": ""Dunder-Mifflin, Inc."", ""id"": 2, ""name"": ""Dunder-Mifflin, Inc."", ""slug"": ""dunder-mifflin"", ""url"": ""http://192.168.65.40:8000/api/tenancy/tenants/2/""}",http://192.168.65.40:8000/api/ipam/prefixes/66/,"{""description"": """", ""display"": ""Data (100)"", ""id"": 37, ""name"": ""Data"", ""url"": ""http://192.168.65.40:8000/api/ipam/vlans/37/"", ""vid"": 100}",
3,0,,2026-03-01T04:26:56.544057Z,{},,10.112.178.0/24,http://192.168.65.40:8000/ipam/prefixes/67/,"{""label"": ""IPv4"", ""value"": 4}",67,False,2026-03-01T04:26:56.544074Z,False,,10.112.178.0/24,"{""description"": """", ""display"": ""Access - Voice"", ""id"": 2, ""name"": ""Access - Voice"", ""slug"": ""access-voice"", ""url"": ""http://192.168.65.40:8000/api/ipam/roles/2/""}","{""description"": """", ""display"": ""DM-Yonkers"", ""id"": 16, ""name"": ""DM-Yonkers"", ""slug"": ""dm-yonkers"", ""url"": ""http://192.168.65.40:8000/api/dcim/sites/16/""}",16,dcim.site,"{""label"": ""Active"", ""value"": ""active""}",[],"{""description"": """", ""display"": ""Dunder-Mifflin, Inc."", ""id"": 2, ""name"": ""Dunder-Mifflin, Inc."", ""slug"": ""dunder-mifflin"", ""url"": ""http://192.168.65.40:8000/api/tenancy/tenants/2/""}",http://192.168.65.40:8000/api/ipam/prefixes/67/,"{""description"": """", ""display"": ""Voice (200)"", ""id"": 38, ""name"": ""Voice"", ""url"": ""http://192.168.65.40:8000/api/ipam/vlans/38/"", ""vid"": 200}",
3,0,,2026-03-01T04:26:56.616785Z,{},,10.112.179.0/24,http://192.168.65.40:8000/ipam/prefixes/68/,"{""label"": ""IPv4"", ""value"": 4}",68,False,2026-03-01T04:26:56.616804Z,False,,10.112.179.0/24,"{""description"": """", ""display"": ""Access - Wireless"", ""id"": 3, ""name"": ""Access - Wireless"", ""slug"": ""access-wireless"", ""url"": ""http://192.168.65.40:8000/api/ipam/roles/3/""}","{""description"": """", ""display"": ""DM-Yonkers"", ""id"": 16, ""name"": ""DM-Yonkers"", ""slug"": ""dm-yonkers"", ""url"": ""http://192.168.65.40:8000/api/dcim/sites/16/""}",16,dcim.site,"{""label"": ""Active"", ""value"": ""active""}",[],"{""description"": """", ""display"": ""Dunder-Mifflin, Inc."", ""id"": 2, ""name"": ""Dunder-Mifflin, Inc."", ""slug"": ""dunder-mifflin"", ""url"": ""http://192.168.65.40:8000/api/tenancy/tenants/2/""}",http://192.168.65.40:8000/api/ipam/prefixes/68/,"{""description"": """", ""display"": ""Wireless (300)"", ""id"": 39, ""name"": ""Wireless"", ""url"": ""http://192.168.65.40:8000/api/ipam/vlans/39/"", ""vid"": 300}",
0,0,,2026-03-01T04:26:56.684269Z,{},,192.168.0.0/22,http://192.168.65.40:8000/ipam/prefixes/69/,"{""label"": ""IPv4"", ""value"": 4}",69,False,2026-03-01T04:26:56.684287Z,False,,192.168.0.0/22,"{""description"": """", ""display"": ""Testing"", ""id"": 5, ""name"": ""Testing"", ""slug"": ""testing"", ""url"": ""http://192.168.65.40:8000/api/ipam/roles/5/""}",,,,"{""label"": ""Active"", ""value"": ""active""}",[],,http://192.168.65.40:8000/api/ipam/prefixes/69/,,
0,3,,2026-03-01T04:26:56.740499Z,{},,172.16.0.0/16,http://192.168.65.40:8000/ipam/prefixes/70/,"{""label"": ""IPv4"", ""value"": 4}",70,False,2026-03-01T04:26:56.740517Z,False,,172.16.0.0/16,,,,,"{""label"": ""Container"", ""value"": ""container""}",[],,http://192.168.65.40:8000/api/ipam/prefixes/70/,,"{""description"": """", ""display"": ""Alpha (65000:100)"", ""id"": 1, ""name"": ""Alpha"", ""rd"": ""65000:100"", ""url"": ""http://192.168.65.40:8000/api/ipam/vrfs/1/""}"
1,0,,2026-03-01T04:26:56.800421Z,{},,172.16.0.0/24,http://192.168.65.40:8000/ipam/prefixes/71/,"{""label"": ""IPv4"", ""value"": 4}",71,False,2026-03-01T04:26:56.800438Z,False,,172.16.0.0/24,,,,,"{""label"": ""Active"", ""value"": ""active""}",[],,http://192.168.65.40:8000/api/ipam/prefixes/71/,,"{""description"": """", ""display"": ""Alpha (65000:100)"", ""id"": 1, ""name"": ""Alpha"", ""rd"": ""65000:100"", ""url"": ""http://192.168.65.40:8000/api/ipam/vrfs/1/""}"
1,0,,2026-03-01T04:26:56.862200Z,{},,172.16.1.0/24,http://192.168.65.40:8000/ipam/prefixes/72/,"{""label"": ""IPv4"", ""value"": 4}",72,False,2026-03-01T04:26:56.862218Z,False,,172.16.1.0/24,,,,,"{""label"": ""Active"", ""value"": ""active""}",[],,http://192.168.65.40:8000/api/ipam/prefixes/72/,,"{""description"": """", ""display"": ""Alpha (65000:100)"", ""id"": 1, ""name"": ""Alpha"", ""rd"": ""65000:100"", ""url"": ""http://192.168.65.40:8000/api/ipam/vrfs/1/""}"
1,0,,2026-03-01T04:26:56.916495Z,{},,172.16.2.0/24,http://192.168.65.40:8000/ipam/prefixes/73/,"{""label"": ""IPv4"", ""value"": 4}",73,False,2026-03-01T04:26:56.916513Z,False,,172.16.2.0/24,,,,,"{""label"": ""Active"", ""value"": ""active""}",[],,http://192.168.65.40:8000/api/ipam/prefixes/73/,,"{""description"": """", ""display"": ""Alpha (65000:100)"", ""id"": 1, ""name"": ""Alpha"", ""rd"": ""65000:100"", ""url"": ""http://192.168.65.40:8000/api/ipam/vrfs/1/""}"
0,3,,2026-03-01T04:26:56.969999Z,{},,172.17.0.0/16,http://192.168.65.40:8000/ipam/prefixes/74/,"{""label"": ""IPv4"", ""value"": 4}",74,False,2026-03-01T04:26:56.970016Z,False,,172.17.0.0/16,,,,,"{""label"": ""Container"", ""value"": ""container""}",[],,http://192.168.65.40:8000/api/ipam/prefixes/74/,,"{""description"": """", ""display"": ""Bravo (65000:200)"", ""id"": 2, ""name"": ""Bravo"", ""rd"": ""65000:200"", ""url"": ""http://192.168.65.40:8000/api/ipam/vrfs/2/""}"
1,0,,2026-03-01T04:26:57.028706Z,{},,172.17.0.0/24,http://192.168.65.40:8000/ipam/prefixes/75/,"{""label"": ""IPv4"", ""value"": 4}",75,False,2026-03-01T04:26:57.028723Z,False,,172.17.0.0/24,,,,,"{""label"": ""Active"", ""value"": ""active""}",[],,http://192.168.65.40:8000/api/ipam/prefixes/75/,,"{""description"": """", ""display"": ""Bravo (65000:200)"", ""id"": 2, ""name"": ""Bravo"", ""rd"": ""65000:200"", ""url"": ""http://192.168.65.40:8000/api/ipam/vrfs/2/""}"
1,0,,2026-03-01T04:26:57.094166Z,{},,172.17.1.0/24,http://192.168.65.40:8000/ipam/prefixes/76/,"{""label"": ""IPv4"", ""value"": 4}",76,False,2026-03-01T04:26:57.094182Z,False,,172.17.1.0/24,,,,,"{""label"": ""Active"", ""value"": ""active""}",[],,http://192.168.65.40:8000/api/ipam/prefixes/76/,,"{""description"": """", ""display"": ""Bravo (65000:200)"", ""id"": 2, ""name"": ""Bravo"", ""rd"": ""65000:200"", ""url"": ""http://192.168.65.40:8000/api/ipam/vrfs/2/""}"
1,0,,2026-03-01T04:26:57.148526Z,{},,172.17.2.0/24,http://192.168.65.40:8000/ipam/prefixes/77/,"{""label"": ""IPv4"", ""value"": 4}",77,False,2026-03-01T04:26:57.148543Z,False,,172.17.2.0/24,,,,,"{""label"": ""Active"", ""value"": ""active""}",[],,http://192.168.65.40:8000/api/ipam/prefixes/77/,,"{""description"": """", ""display"": ""Bravo (65000:200)"", ""id"": 2, ""name"": ""Bravo"", ""rd"": ""65000:200"", ""url"": ""http://192.168.65.40:8000/api/ipam/vrfs/2/""}"
0,3,,2026-03-01T04:26:57.203907Z,{},,172.18.0.0/16,http://192.168.65.40:8000/ipam/prefixes/78/,"{""label"": ""IPv4"", ""value"": 4}",78,False,2026-03-01T04:26:57.203925Z,False,,172.18.0.0/16,,,,,"{""label"": ""Container"", ""value"": ""container""}",[],,http://192.168.65.40:8000/api/ipam/prefixes/78/,,"{""description"": """", ""display"": ""Charlie (65000:300)"", ""id"": 3, ""name"": ""Charlie"", ""rd"": ""65000:300"", ""url"": ""http://192.168.65.40:8000/api/ipam/vrfs/3/""}"
1,0,,2026-03-01T04:26:57.259204Z,{},,172.18.0.0/24,http://192.168.65.40:8000/ipam/prefixes/79/,"{""label"": ""IPv4"", ""value"": 4}",79,False,2026-03-01T04:26:57.259222Z,False,,172.18.0.0/24,,,,,"{""label"": ""Active"", ""value"": ""active""}",[],,http://192.168.65.40:8000/api/ipam/prefixes/79/,,"{""description"": """", ""display"": ""Charlie (65000:300)"", ""id"": 3, ""name"": ""Charlie"", ""rd"": ""65000:300"", ""url"": ""http://192.168.65.40:8000/api/ipam/vrfs/3/""}"
1,0,,2026-03-01T04:26:57.316157Z,{},,172.18.1.0/24,http://192.168.65.40:8000/ipam/prefixes/80/,"{""label"": ""IPv4"", ""value"": 4}",80,False,2026-03-01T04:26:57.316174Z,False,,172.18.1.0/24,,,,,"{""label"": ""Active"", ""value"": ""active""}",[],,http://192.168.65.40:8000/api/ipam/prefixes/80/,,"{""description"": """", ""display"": ""Charlie (65000:300)"", ""id"": 3, ""name"": ""Charlie"", ""rd"": ""65000:300"", ""url"": ""http://192.168.65.40:8000/api/ipam/vrfs/3/""}"
1,0,,2026-03-01T04:26:57.375174Z,{},,172.18.2.0/24,http://192.168.65.40:8000/ipam/prefixes/81/,"{""label"": ""IPv4"", ""value"": 4}",81,False,2026-03-01T04:26:57.375191Z,False,,172.18.2.0/24,,,,,"{""label"": ""Active"", ""value"": ""active""}",[],,http://192.168.65.40:8000/api/ipam/prefixes/81/,,"{""description"": """", ""display"": ""Charlie (65000:300)"", ""id"": 3, ""name"": ""Charlie"", ""rd"": ""65000:300"", ""url"": ""http://192.168.65.40:8000/api/ipam/vrfs/3/""}"
0,3,,2026-03-01T04:26:57.429059Z,{},,172.19.0.0/16,http://192.168.65.40:8000/ipam/prefixes/82/,"{""label"": ""IPv4"", ""value"": 4}",82,False,2026-03-01T04:26:57.429077Z,False,,172.19.0.0/16,,,,,"{""label"": ""Container"", ""value"": ""container""}",[],,http://192.168.65.40:8000/api/ipam/prefixes/82/,,"{""description"": """", ""display"": ""Delta (65000:400)"", ""id"": 4, ""name"": ""Delta"", ""rd"": ""65000:400"", ""url"": ""http://192.168.65.40:8000/api/ipam/vrfs/4/""}"
1,0,,2026-03-01T04:26:57.482165Z,{},,172.19.0.0/24,http://192.168.65.40:8000/ipam/prefixes/83/,"{""label"": ""IPv4"", ""value"": 4}",83,False,2026-03-01T04:26:57.482182Z,False,,172.19.0.0/24,,,,,"{""label"": ""Active"", ""value"": ""active""}",[],,http://192.168.65.40:8000/api/ipam/prefixes/83/,,"{""description"": """", ""display"": ""Delta (65000:400)"", ""id"": 4, ""name"": ""Delta"", ""rd"": ""65000:400"", ""url"": ""http://192.168.65.40:8000/api/ipam/vrfs/4/""}"
1,0,,2026-03-01T04:26:57.542600Z,{},,172.19.1.0/24,http://192.168.65.40:8000/ipam/prefixes/84/,"{""label"": ""IPv4"", ""value"": 4}",84,False,2026-03-01T04:26:57.542617Z,False,,172.19.1.0/24,,,,,"{""label"": ""Active"", ""value"": ""active""}",[],,http://192.168.65.40:8000/api/ipam/prefixes/84/,,"{""description"": """", ""display"": ""Delta (65000:400)"", ""id"": 4, ""name"": ""Delta"", ""rd"": ""65000:400"", ""url"": ""http://192.168.65.40:8000/api/ipam/vrfs/4/""}"
1,0,,2026-03-01T04:26:57.598552Z,{},,172.19.2.0/24,http://192.168.65.40:8000/ipam/prefixes/85/,"{""label"": ""IPv4"", ""value"": 4}",85,False,2026-03-01T04:26:57.598568Z,False,,172.19.2.0/24,,,,,"{""label"": ""Active"", ""value"": ""active""}",[],,http://192.168.65.40:8000/api/ipam/prefixes/85/,,"{""description"": """", ""display"": ""Delta (65000:400)"", ""id"": 4, ""name"": ""Delta"", ""rd"": ""65000:400"", ""url"": ""http://192.168.65.40:8000/api/ipam/vrfs/4/""}"
0,3,,2026-03-01T04:26:57.661343Z,{},,172.20.0.0/16,http://192.168.65.40:8000/ipam/prefixes/86/,"{""label"": ""IPv4"", ""value"": 4}",86,False,2026-03-01T04:26:57.661360Z,False,,172.20.0.0/16,,,,,"{""label"": ""Container"", ""value"": ""container""}",[],,http://192.168.65.40:8000/api/ipam/prefixes/86/,,"{""description"": """", ""display"": ""Echo (65000:500)"", ""id"": 5, ""name"": ""Echo"", ""rd"": ""65000:500"", ""url"": ""http://192.168.65.40:8000/api/ipam/vrfs/5/""}"
1,0,,2026-03-01T04:26:57.715938Z,{},,172.20.0.0/24,http://192.168.65.40:8000/ipam/prefixes/87/,"{""label"": ""IPv4"", ""value"": 4}",87,False,2026-03-01T04:26:57.715955Z,False,,172.20.0.0/24,,,,,"{""label"": ""Active"", ""value"": ""active""}",[],,http://192.168.65.40:8000/api/ipam/prefixes/87/,,"{""description"": """", ""display"": ""Echo (65000:500)"", ""id"": 5, ""name"": ""Echo"", ""rd"": ""65000:500"", ""url"": ""http://192.168.65.40:8000/api/ipam/vrfs/5/""}"
1,0,,2026-03-01T04:26:57.768905Z,{},,172.20.1.0/24,http://192.168.65.40:8000/ipam/prefixes/88/,"{""label"": ""IPv4"", ""value"": 4}",88,False,2026-03-01T04:26:57.768922Z,False,,172.20.1.0/24,,,,,"{""label"": ""Active"", ""value"": ""active""}",[],,http://192.168.65.40:8000/api/ipam/prefixes/88/,,"{""description"": """", ""display"": ""Echo (65000:500)"", ""id"": 5, ""name"": ""Echo"", ""rd"": ""65000:500"", ""url"": ""http://192.168.65.40:8000/api/ipam/vrfs/5/""}"
1,0,,2026-03-01T04:26:57.823478Z,{},,172.20.2.0/24,http://192.168.65.40:8000/ipam/prefixes/89/,"{""label"": ""IPv4"", ""value"": 4}",89,False,2026-03-01T04:26:57.823496Z,False,,172.20.2.0/24,,,,,"{""label"": ""Active"", ""value"": ""active""}",[],,http://192.168.65.40:8000/api/ipam/prefixes/89/,,"{""description"": """", ""display"": ""Echo (65000:500)"", ""id"": 5, ""name"": ""Echo"", ""rd"": ""65000:500"", ""url"": ""http://192.168.65.40:8000/api/ipam/vrfs/5/""}"
0,0,,2026-03-01T04:26:57.880387Z,{},Shared services,192.168.0.0/20,http://192.168.65.40:8000/ipam/prefixes/90/,"{""label"": ""IPv4"", ""value"": 4}",90,False,2026-03-01T04:26:57.880405Z,False,,192.168.0.0/20,,,,,"{""label"": ""Active"", ""value"": ""active""}",[],,http://192.168.65.40:8000/api/ipam/prefixes/90/,,"{""description"": ""Shared services VRF"", ""display"": ""Shared (65000:1)"", ""id"": 6, ""name"": ""Shared"", ""rd"": ""65000:1"", ""url"": ""http://192.168.65.40:8000/api/ipam/vrfs/6/""}"
