airflow,asset_tag,comments,created,custom_fields,desc_units,description,device_count,display,display_url,facility_id,form_factor,id,last_updated,location,max_weight,mounting_depth,name,outer_depth,outer_height,outer_unit,outer_width,owner,powerfeed_count,rack_type,role,serial,site,starting_unit,status,tags,tenant,u_height,url,weight,weight_unit,width
,,,2026-03-01T05:10:31.225526Z,{},False,,2,IDF128,http://192.168.65.40:8000/dcim/racks/1/,,,1,2026-03-01T05:10:31.225553Z,,,,IDF128,,,,,,0,,"{""description"": """", ""display"": ""IDF"", ""id"": 2, ""name"": ""IDF"", ""slug"": ""idf"", ""url"": ""http://192.168.65.40:8000/api/dcim/rack-roles/2/""}",,"{""description"": """", ""display"": ""Butler Communications"", ""id"": 1, ""name"": ""Butler Communications"", ""slug"": ""ncsu-128"", ""url"": ""http://192.168.65.40:8000/api/dcim/sites/1/""}",1,"{""label"": ""Active"", ""value"": ""active""}",[],"{""description"": """", ""display"": ""NC State University"", ""id"": 6, ""name"": ""NC State University"", ""slug"": ""nc-state"", ""url"": ""http://192.168.65.40:8000/api/tenancy/tenants/6/""}",42,http://192.168.65.40:8000/api/dcim/racks/1/,,,"{""label"": ""19 inches"", ""value"": 19}"
,,,2026-03-01T05:10:31.348899Z,{},False,,2,IDF117,http://192.168.65.40:8000/dcim/racks/2/,,,2,2026-03-01T05:10:31.348919Z,,,,IDF117,,,,,,0,,"{""description"": """", ""display"": ""IDF"", ""id"": 2, ""name"": ""IDF"", ""slug"": ""idf"", ""url"": ""http://192.168.65.40:8000/api/dcim/rack-roles/2/""}",,"{""description"": """", ""display"": ""D. S. Weaver Labs"", ""id"": 2, ""name"": ""D. S. Weaver Labs"", ""slug"": ""ncsu-117"", ""url"": ""http://192.168.65.40:8000/api/dcim/sites/2/""}",1,"{""label"": ""Active"", ""value"": ""active""}",[],"{""description"": """", ""display"": ""NC State University"", ""id"": 6, ""name"": ""NC State University"", ""slug"": ""nc-state"", ""url"": ""http://192.168.65.40:8000/api/tenancy/tenants/6/""}",42,http://192.168.65.40:8000/api/dcim/racks/2/,,,"{""label"": ""19 inches"", ""value"": 19}"
,,,2026-03-01T05:10:31.424912Z,{},False,,4,Comms closet,http://192.168.65.40:8000/dcim/racks/3/,,,3,2026-03-01T05:10:31.424933Z,,,,Comms closet,,,,,,0,,,,"{""description"": """", ""display"": ""DM-Akron"", ""id"": 3, ""name"": ""DM-Akron"", ""slug"": ""dm-akron"", ""url"": ""http://192.168.65.40:8000/api/dcim/sites/3/""}",1,"{""label"": ""Active"", ""value"": ""active""}",[],"{""description"": """", ""display"": ""Dunder-Mifflin, Inc."", ""id"": 2, ""name"": ""Dunder-Mifflin, Inc."", ""slug"": ""dunder-mifflin"", ""url"": ""http://192.168.65.40:8000/api/tenancy/tenants/2/""}",12,http://192.168.65.40:8000/api/dcim/racks/3/,,,"{""label"": ""19 inches"", ""value"": 19}"
,,,2026-03-01T05:10:31.482773Z,{},False,,4,Comms closet,http://192.168.65.40:8000/dcim/racks/4/,,,4,2026-03-01T05:10:31.482793Z,,,,Comms closet,,,,,,0,,,,"{""description"": """", ""display"": ""DM-Albany"", ""id"": 4, ""name"": ""DM-Albany"", ""slug"": ""dm-albany"", ""url"": ""http://192.168.65.40:8000/api/dcim/sites/4/""}",1,"{""label"": ""Active"", ""value"": ""active""}",[],"{""description"": """", ""display"": ""Dunder-Mifflin, Inc."", ""id"": 2, ""name"": ""Dunder-Mifflin, Inc."", ""slug"": ""dunder-mifflin"", ""url"": ""http://192.168.65.40:8000/api/tenancy/tenants/2/""}",12,http://192.168.65.40:8000/api/dcim/racks/4/,,,"{""label"": ""19 inches"", ""value"": 19}"
,,,2026-03-01T05:10:31.543486Z,{},False,,4,Comms closet,http://192.168.65.40:8000/dcim/racks/5/,,,5,2026-03-01T05:10:31.543505Z,,,,Comms closet,,,,,,0,,,,"{""description"": """", ""display"": ""DM-Binghamton"", ""id"": 5, ""name"": ""DM-Binghamton"", ""slug"": ""dm-binghamton"", ""url"": ""http://192.168.65.40:8000/api/dcim/sites/5/""}",1,"{""label"": ""Active"", ""value"": ""active""}",[],"{""description"": """", ""display"": ""Dunder-Mifflin, Inc."", ""id"": 2, ""name"": ""Dunder-Mifflin, Inc."", ""slug"": ""dunder-mifflin"", ""url"": ""http://192.168.65.40:8000/api/tenancy/tenants/2/""}",12,http://192.168.65.40:8000/api/dcim/racks/5/,,,"{""label"": ""19 inches"", ""value"": 19}"
,,,2026-03-01T05:10:31.604683Z,{},False,,4,Comms closet,http://192.168.65.40:8000/dcim/racks/6/,,,6,2026-03-01T05:10:31.604703Z,,,,Comms closet,,,,,,0,,,,"{""description"": """", ""display"": ""DM-Buffalo"", ""id"": 6, ""name"": ""DM-Buffalo"", ""slug"": ""dm-buffalo"", ""url"": ""http://192.168.65.40:8000/api/dcim/sites/6/""}",1,"{""label"": ""Active"", ""value"": ""active""}",[],"{""description"": """", ""display"": ""Dunder-Mifflin, Inc."", ""id"": 2, ""name"": ""Dunder-Mifflin, Inc."", ""slug"": ""dunder-mifflin"", ""url"": ""http://192.168.65.40:8000/api/tenancy/tenants/2/""}",12,http://192.168.65.40:8000/api/dcim/racks/6/,,,"{""label"": ""19 inches"", ""value"": 19}"
,,,2026-03-01T05:10:31.663734Z,{},False,,4,Comms closet,http://192.168.65.40:8000/dcim/racks/7/,,,7,2026-03-01T05:10:31.663754Z,,,,Comms closet,,,,,,0,,,,"{""description"": """", ""display"": ""DM-Camden"", ""id"": 7, ""name"": ""DM-Camden"", ""slug"": ""dm-camden"", ""url"": ""http://192.168.65.40:8000/api/dcim/sites/7/""}",1,"{""label"": ""Active"", ""value"": ""active""}",[],"{""description"": """", ""display"": ""Dunder-Mifflin, Inc."", ""id"": 2, ""name"": ""Dunder-Mifflin, Inc."", ""slug"": ""dunder-mifflin"", ""url"": ""http://192.168.65.40:8000/api/tenancy/tenants/2/""}",12,http://192.168.65.40:8000/api/dcim/racks/7/,,,"{""label"": ""19 inches"", ""value"": 19}"
,,,2026-03-01T05:10:31.728163Z,{},False,,4,Comms closet,http://192.168.65.40:8000/dcim/racks/8/,,,8,2026-03-01T05:10:31.728182Z,,,,Comms closet,,,,,,0,,,,"{""description"": """", ""display"": ""DM-Nashua"", ""id"": 8, ""name"": ""DM-Nashua"", ""slug"": ""dm-nashua"", ""url"": ""http://192.168.65.40:8000/api/dcim/sites/8/""}",1,"{""label"": ""Active"", ""value"": ""active""}",[],"{""description"": """", ""display"": ""Dunder-Mifflin, Inc."", ""id"": 2, ""name"": ""Dunder-Mifflin, Inc."", ""slug"": ""dunder-mifflin"", ""url"": ""http://192.168.65.40:8000/api/tenancy/tenants/2/""}",12,http://192.168.65.40:8000/api/dcim/racks/8/,,,"{""label"": ""19 inches"", ""value"": 19}"
,,,2026-03-01T05:10:31.786051Z,{},False,,4,Comms closet,http://192.168.65.40:8000/dcim/racks/9/,,,9,2026-03-01T05:10:31.786070Z,,,,Comms closet,,,,,,0,,,,"{""description"": """", ""display"": ""DM-Pittsfield"", ""id"": 10, ""name"": ""DM-Pittsfield"", ""slug"": ""dm-pittsfield"", ""url"": ""http://192.168.65.40:8000/api/dcim/sites/10/""}",1,"{""label"": ""Active"", ""value"": ""active""}",[],"{""description"": """", ""display"": ""Dunder-Mifflin, Inc."", ""id"": 2, ""name"": ""Dunder-Mifflin, Inc."", ""slug"": ""dunder-mifflin"", ""url"": ""http://192.168.65.40:8000/api/tenancy/tenants/2/""}",12,http://192.168.65.40:8000/api/dcim/racks/9/,,,"{""label"": ""19 inches"", ""value"": 19}"
,,,2026-03-01T05:10:31.847779Z,{},False,,4,Comms closet,http://192.168.65.40:8000/dcim/racks/10/,,,10,2026-03-01T05:10:31.847798Z,,,,Comms closet,,,,,,0,,,,"{""description"": """", ""display"": ""DM-Rochester"", ""id"": 11, ""name"": ""DM-Rochester"", ""slug"": ""dm-rochester"", ""url"": ""http://192.168.65.40:8000/api/dcim/sites/11/""}",1,"{""label"": ""Active"", ""value"": ""active""}",[],"{""description"": """", ""display"": ""Dunder-Mifflin, Inc."", ""id"": 2, ""name"": ""Dunder-Mifflin, Inc."", ""slug"": ""dunder-mifflin"", ""url"": ""http://192.168.65.40:8000/api/tenancy/tenants/2/""}",12,http://192.168.65.40:8000/api/dcim/racks/10/,,,"{""label"": ""19 inches"", ""value"": 19}"
,,,2026-03-01T05:10:31.912239Z,{},False,,4,Comms closet,http://192.168.65.40:8000/dcim/racks/11/,,,11,2026-03-01T05:10:31.912259Z,,,,Comms closet,,,,,,0,,,,"{""description"": """", ""display"": ""DM-Scranton"", ""id"": 12, ""name"": ""DM-Scranton"", ""slug"": ""dm-scranton"", ""url"": ""http://192.168.65.40:8000/api/dcim/sites/12/""}",1,"{""label"": ""Active"", ""value"": ""active""}",[],"{""description"": """", ""display"": ""Dunder-Mifflin, Inc."", ""id"": 2, ""name"": ""Dunder-Mifflin, Inc."", ""slug"": ""dunder-mifflin"", ""url"": ""http://192.168.65.40:8000/api/tenancy/tenants/2/""}",12,http://192.168.65.40:8000/api/dcim/racks/11/,,,"{""label"": ""19 inches"", ""value"": 19}"
,,,2026-03-01T05:10:31.970391Z,{},False,,4,Comms closet,http://192.168.65.40:8000/dcim/racks/12/,,,12,2026-03-01T05:10:31.970420Z,,,,Comms closet,,,,,,0,,,,"{""description"": """", ""display"": ""DM-Stamford"", ""id"": 13, ""name"": ""DM-Stamford"", ""slug"": ""dm-stamford"", ""url"": ""http://192.168.65.40:8000/api/dcim/sites/13/""}",1,"{""label"": ""Active"", ""value"": ""active""}",[],"{""description"": """", ""display"": ""Dunder-Mifflin, Inc."", ""id"": 2, ""name"": ""Dunder-Mifflin, Inc."", ""slug"": ""dunder-mifflin"", ""url"": ""http://192.168.65.40:8000/api/tenancy/tenants/2/""}",12,http://192.168.65.40:8000/api/dcim/racks/12/,,,"{""label"": ""19 inches"", ""value"": 19}"
,,,2026-03-01T05:10:32.038820Z,{},False,,4,Comms closet,http://192.168.65.40:8000/dcim/racks/13/,,,13,2026-03-01T05:10:32.038840Z,,,,Comms closet,,,,,,0,,,,"{""description"": """", ""display"": ""DM-Syracuse"", ""id"": 14, ""name"": ""DM-Syracuse"", ""slug"": ""dm-syracuse"", ""url"": ""http://192.168.65.40:8000/api/dcim/sites/14/""}",1,"{""label"": ""Active"", ""value"": ""active""}",[],"{""description"": """", ""display"": ""Dunder-Mifflin, Inc."", ""id"": 2, ""name"": ""Dunder-Mifflin, Inc."", ""slug"": ""dunder-mifflin"", ""url"": ""http://192.168.65.40:8000/api/tenancy/tenants/2/""}",12,http://192.168.65.40:8000/api/dcim/racks/13/,,,"{""label"": ""19 inches"", ""value"": 19}"
,,,2026-03-01T05:10:32.101049Z,{},False,,4,Comms closet,http://192.168.65.40:8000/dcim/racks/14/,,,14,2026-03-01T05:10:32.101068Z,,,,Comms closet,,,,,,0,,,,"{""description"": """", ""display"": ""DM-Utica"", ""id"": 15, ""name"": ""DM-Utica"", ""slug"": ""dm-utica"", ""url"": ""http://192.168.65.40:8000/api/dcim/sites/15/""}",1,"{""label"": ""Active"", ""value"": ""active""}",[],"{""description"": """", ""display"": ""Dunder-Mifflin, Inc."", ""id"": 2, ""name"": ""Dunder-Mifflin, Inc."", ""slug"": ""dunder-mifflin"", ""url"": ""http://192.168.65.40:8000/api/tenancy/tenants/2/""}",12,http://192.168.65.40:8000/api/dcim/racks/14/,,,"{""label"": ""19 inches"", ""value"": 19}"
,,,2026-03-01T05:10:32.159823Z,{},False,,4,Comms closet,http://192.168.65.40:8000/dcim/racks/15/,,,15,2026-03-01T05:10:32.159847Z,,,,Comms closet,,,,,,0,,,,"{""description"": """", ""display"": ""DM-Yonkers"", ""id"": 16, ""name"": ""DM-Yonkers"", ""slug"": ""dm-yonkers"", ""url"": ""http://192.168.65.40:8000/api/dcim/sites/16/""}",1,"{""label"": ""Active"", ""value"": ""active""}",[],"{""description"": """", ""display"": ""Dunder-Mifflin, Inc."", ""id"": 2, ""name"": ""Dunder-Mifflin, Inc."", ""slug"": ""dunder-mifflin"", ""url"": ""http://192.168.65.40:8000/api/tenancy/tenants/2/""}",12,http://192.168.65.40:8000/api/dcim/racks/15/,,,"{""label"": ""19 inches"", ""value"": 19}"
,,,2026-03-01T05:10:32.219683Z,{},False,,2,IDF118,http://192.168.65.40:8000/dcim/racks/16/,,,16,2026-03-01T05:10:32.219704Z,,,,IDF118,,,,,,0,,"{""description"": """", ""display"": ""IDF"", ""id"": 2, ""name"": ""IDF"", ""slug"": ""idf"", ""url"": ""http://192.168.65.40:8000/api/dcim/rack-roles/2/""}",,"{""description"": """", ""display"": ""Grinnells Lab"", ""id"": 17, ""name"": ""Grinnells Lab"", ""slug"": ""ncsu-118"", ""url"": ""http://192.168.65.40:8000/api/dcim/sites/17/""}",1,"{""label"": ""Active"", ""value"": ""active""}",[],"{""description"": """", ""display"": ""NC State University"", ""id"": 6, ""name"": ""NC State University"", ""slug"": ""nc-state"", ""url"": ""http://192.168.65.40:8000/api/tenancy/tenants/6/""}",42,http://192.168.65.40:8000/api/dcim/racks/16/,,,"{""label"": ""19 inches"", ""value"": 19}"
,,,2026-03-01T05:10:33.848578Z,{},False,,3,Plant 1,http://192.168.65.40:8000/dcim/racks/41/,,,41,2026-03-01T05:10:33.848598Z,,,,Plant 1,,,,,,0,,"{""description"": """", ""display"": ""IDF"", ""id"": 2, ""name"": ""IDF"", ""slug"": ""idf"", ""url"": ""http://192.168.65.40:8000/api/dcim/rack-roles/2/""}",,"{""description"": ""Main Distribution Frame"", ""display"": ""MDF"", ""id"": 24, ""name"": ""MDF"", ""slug"": ""ncsu-065"", ""url"": ""http://192.168.65.40:8000/api/dcim/sites/24/""}",1,"{""label"": ""Active"", ""value"": ""active""}",[],"{""description"": """", ""display"": ""NC State University"", ""id"": 6, ""name"": ""NC State University"", ""slug"": ""nc-state"", ""url"": ""http://192.168.65.40:8000/api/tenancy/tenants/6/""}",42,http://192.168.65.40:8000/api/dcim/racks/41/,,,"{""label"": ""19 inches"", ""value"": 19}"
,,,2026-03-01T05:10:33.909559Z,{},False,,0,Plant 2,http://192.168.65.40:8000/dcim/racks/42/,,,42,2026-03-01T05:10:33.909579Z,,,,Plant 2,,,,,,0,,"{""description"": """", ""display"": ""IDF"", ""id"": 2, ""name"": ""IDF"", ""slug"": ""idf"", ""url"": ""http://192.168.65.40:8000/api/dcim/rack-roles/2/""}",,"{""description"": ""Main Distribution Frame"", ""display"": ""MDF"", ""id"": 24, ""name"": ""MDF"", ""slug"": ""ncsu-065"", ""url"": ""http://192.168.65.40:8000/api/dcim/sites/24/""}",1,"{""label"": ""Active"", ""value"": ""active""}",[],"{""description"": """", ""display"": ""NC State University"", ""id"": 6, ""name"": ""NC State University"", ""slug"": ""nc-state"", ""url"": ""http://192.168.65.40:8000/api/tenancy/tenants/6/""}",42,http://192.168.65.40:8000/api/dcim/racks/42/,,,"{""label"": ""19 inches"", ""value"": 19}"
,,,2026-03-01T05:10:32.308795Z,{},False,,0,R101,http://192.168.65.40:8000/dcim/racks/17/,,,17,2026-03-01T05:10:32.308815Z,,,,R101,,,,,,0,,"{""description"": """", ""display"": ""Infrastructure"", ""id"": 3, ""name"": ""Infrastructure"", ""slug"": ""infrastructure"", ""url"": ""http://192.168.65.40:8000/api/dcim/rack-roles/3/""}",,"{""description"": ""Main Distribution Frame"", ""display"": ""MDF"", ""id"": 24, ""name"": ""MDF"", ""slug"": ""ncsu-065"", ""url"": ""http://192.168.65.40:8000/api/dcim/sites/24/""}",1,"{""label"": ""Active"", ""value"": ""active""}",[],"{""description"": """", ""display"": ""NC State University"", ""id"": 6, ""name"": ""NC State University"", ""slug"": ""nc-state"", ""url"": ""http://192.168.65.40:8000/api/tenancy/tenants/6/""}",48,http://192.168.65.40:8000/api/dcim/racks/17/,,,"{""label"": ""19 inches"", ""value"": 19}"
,,,2026-03-01T05:10:32.378067Z,{},False,,0,R102,http://192.168.65.40:8000/dcim/racks/18/,,,18,2026-03-01T05:10:32.378087Z,,,,R102,,,,,,0,,"{""description"": """", ""display"": ""Infrastructure"", ""id"": 3, ""name"": ""Infrastructure"", ""slug"": ""infrastructure"", ""url"": ""http://192.168.65.40:8000/api/dcim/rack-roles/3/""}",,"{""description"": ""Main Distribution Frame"", ""display"": ""MDF"", ""id"": 24, ""name"": ""MDF"", ""slug"": ""ncsu-065"", ""url"": ""http://192.168.65.40:8000/api/dcim/sites/24/""}",1,"{""label"": ""Active"", ""value"": ""active""}",[],"{""description"": """", ""display"": ""NC State University"", ""id"": 6, ""name"": ""NC State University"", ""slug"": ""nc-state"", ""url"": ""http://192.168.65.40:8000/api/tenancy/tenants/6/""}",48,http://192.168.65.40:8000/api/dcim/racks/18/,,,"{""label"": ""19 inches"", ""value"": 19}"
,,,2026-03-01T05:10:32.446056Z,{},False,,0,R103,http://192.168.65.40:8000/dcim/racks/19/,,,19,2026-03-01T05:10:32.446077Z,,,,R103,,,,,,0,,"{""description"": """", ""display"": ""Infrastructure"", ""id"": 3, ""name"": ""Infrastructure"", ""slug"": ""infrastructure"", ""url"": ""http://192.168.65.40:8000/api/dcim/rack-roles/3/""}",,"{""description"": ""Main Distribution Frame"", ""display"": ""MDF"", ""id"": 24, ""name"": ""MDF"", ""slug"": ""ncsu-065"", ""url"": ""http://192.168.65.40:8000/api/dcim/sites/24/""}",1,"{""label"": ""Active"", ""value"": ""active""}",[],"{""description"": """", ""display"": ""NC State University"", ""id"": 6, ""name"": ""NC State University"", ""slug"": ""nc-state"", ""url"": ""http://192.168.65.40:8000/api/tenancy/tenants/6/""}",48,http://192.168.65.40:8000/api/dcim/racks/19/,,,"{""label"": ""19 inches"", ""value"": 19}"
,,,2026-03-01T05:10:32.507431Z,{},False,,0,R104,http://192.168.65.40:8000/dcim/racks/20/,,,20,2026-03-01T05:10:32.507452Z,,,,R104,,,,,,0,,"{""description"": """", ""display"": ""Infrastructure"", ""id"": 3, ""name"": ""Infrastructure"", ""slug"": ""infrastructure"", ""url"": ""http://192.168.65.40:8000/api/dcim/rack-roles/3/""}",,"{""description"": ""Main Distribution Frame"", ""display"": ""MDF"", ""id"": 24, ""name"": ""MDF"", ""slug"": ""ncsu-065"", ""url"": ""http://192.168.65.40:8000/api/dcim/sites/24/""}",1,"{""label"": ""Active"", ""value"": ""active""}",[],"{""description"": """", ""display"": ""NC State University"", ""id"": 6, ""name"": ""NC State University"", ""slug"": ""nc-state"", ""url"": ""http://192.168.65.40:8000/api/tenancy/tenants/6/""}",48,http://192.168.65.40:8000/api/dcim/racks/20/,,,"{""label"": ""19 inches"", ""value"": 19}"
,,,2026-03-01T05:10:32.575890Z,{},False,,2,R105,http://192.168.65.40:8000/dcim/racks/21/,,,21,2026-03-01T05:10:32.575911Z,,,,R105,,,,,,0,,"{""description"": """", ""display"": ""Compute"", ""id"": 1, ""name"": ""Compute"", ""slug"": ""compute"", ""url"": ""http://192.168.65.40:8000/api/dcim/rack-roles/1/""}",,"{""description"": ""Main Distribution Frame"", ""display"": ""MDF"", ""id"": 24, ""name"": ""MDF"", ""slug"": ""ncsu-065"", ""url"": ""http://192.168.65.40:8000/api/dcim/sites/24/""}",1,"{""label"": ""Active"", ""value"": ""active""}",[],"{""description"": """", ""display"": ""NC State University"", ""id"": 6, ""name"": ""NC State University"", ""slug"": ""nc-state"", ""url"": ""http://192.168.65.40:8000/api/tenancy/tenants/6/""}",48,http://192.168.65.40:8000/api/dcim/racks/21/,,,"{""label"": ""19 inches"", ""value"": 19}"
,,,2026-03-01T05:10:32.644118Z,{},False,,2,R106,http://192.168.65.40:8000/dcim/racks/22/,,,22,2026-03-01T05:10:32.644138Z,,,,R106,,,,,,0,,"{""description"": """", ""display"": ""Compute"", ""id"": 1, ""name"": ""Compute"", ""slug"": ""compute"", ""url"": ""http://192.168.65.40:8000/api/dcim/rack-roles/1/""}",,"{""description"": ""Main Distribution Frame"", ""display"": ""MDF"", ""id"": 24, ""name"": ""MDF"", ""slug"": ""ncsu-065"", ""url"": ""http://192.168.65.40:8000/api/dcim/sites/24/""}",1,"{""label"": ""Active"", ""value"": ""active""}",[],"{""description"": """", ""display"": ""NC State University"", ""id"": 6, ""name"": ""NC State University"", ""slug"": ""nc-state"", ""url"": ""http://192.168.65.40:8000/api/tenancy/tenants/6/""}",48,http://192.168.65.40:8000/api/dcim/racks/22/,,,"{""label"": ""19 inches"", ""value"": 19}"
,,,2026-03-01T05:10:32.701001Z,{},False,,2,R107,http://192.168.65.40:8000/dcim/racks/23/,,,23,2026-03-01T05:10:32.701020Z,,,,R107,,,,,,0,,"{""description"": """", ""display"": ""Compute"", ""id"": 1, ""name"": ""Compute"", ""slug"": ""compute"", ""url"": ""http://192.168.65.40:8000/api/dcim/rack-roles/1/""}",,"{""description"": ""Main Distribution Frame"", ""display"": ""MDF"", ""id"": 24, ""name"": ""MDF"", ""slug"": ""ncsu-065"", ""url"": ""http://192.168.65.40:8000/api/dcim/sites/24/""}",1,"{""label"": ""Active"", ""value"": ""active""}",[],"{""description"": """", ""display"": ""NC State University"", ""id"": 6, ""name"": ""NC State University"", ""slug"": ""nc-state"", ""url"": ""http://192.168.65.40:8000/api/tenancy/tenants/6/""}",48,http://192.168.65.40:8000/api/dcim/racks/23/,,,"{""label"": ""19 inches"", ""value"": 19}"
,,,2026-03-01T05:10:32.762323Z,{},False,,2,R108,http://192.168.65.40:8000/dcim/racks/24/,,,24,2026-03-01T05:10:32.762342Z,,,,R108,,,,,,0,,"{""description"": """", ""display"": ""Compute"", ""id"": 1, ""name"": ""Compute"", ""slug"": ""compute"", ""url"": ""http://192.168.65.40:8000/api/dcim/rack-roles/1/""}",,"{""description"": ""Main Distribution Frame"", ""display"": ""MDF"", ""id"": 24, ""name"": ""MDF"", ""slug"": ""ncsu-065"", ""url"": ""http://192.168.65.40:8000/api/dcim/sites/24/""}",1,"{""label"": ""Active"", ""value"": ""active""}",[],"{""description"": """", ""display"": ""NC State University"", ""id"": 6, ""name"": ""NC State University"", ""slug"": ""nc-state"", ""url"": ""http://192.168.65.40:8000/api/tenancy/tenants/6/""}",48,http://192.168.65.40:8000/api/dcim/racks/24/,,,"{""label"": ""19 inches"", ""value"": 19}"
,,,2026-03-01T05:10:32.823973Z,{},False,,1,R201,http://192.168.65.40:8000/dcim/racks/25/,,,25,2026-03-01T05:10:32.823992Z,,,,R201,,,,,,0,,"{""description"": """", ""display"": ""Compute"", ""id"": 1, ""name"": ""Compute"", ""slug"": ""compute"", ""url"": ""http://192.168.65.40:8000/api/dcim/rack-roles/1/""}",,"{""description"": ""Main Distribution Frame"", ""display"": ""MDF"", ""id"": 24, ""name"": ""MDF"", ""slug"": ""ncsu-065"", ""url"": ""http://192.168.65.40:8000/api/dcim/sites/24/""}",1,"{""label"": ""Active"", ""value"": ""active""}",[],"{""description"": """", ""display"": ""NC State University"", ""id"": 6, ""name"": ""NC State University"", ""slug"": ""nc-state"", ""url"": ""http://192.168.65.40:8000/api/tenancy/tenants/6/""}",48,http://192.168.65.40:8000/api/dcim/racks/25/,,,"{""label"": ""19 inches"", ""value"": 19}"
,,,2026-03-01T05:10:32.886384Z,{},False,,0,R202,http://192.168.65.40:8000/dcim/racks/26/,,,26,2026-03-01T05:10:32.886419Z,,,,R202,,,,,,0,,"{""description"": """", ""display"": ""Compute"", ""id"": 1, ""name"": ""Compute"", ""slug"": ""compute"", ""url"": ""http://192.168.65.40:8000/api/dcim/rack-roles/1/""}",,"{""description"": ""Main Distribution Frame"", ""display"": ""MDF"", ""id"": 24, ""name"": ""MDF"", ""slug"": ""ncsu-065"", ""url"": ""http://192.168.65.40:8000/api/dcim/sites/24/""}",1,"{""label"": ""Active"", ""value"": ""active""}",[],"{""description"": """", ""display"": ""NC State University"", ""id"": 6, ""name"": ""NC State University"", ""slug"": ""nc-state"", ""url"": ""http://192.168.65.40:8000/api/tenancy/tenants/6/""}",48,http://192.168.65.40:8000/api/dcim/racks/26/,,,"{""label"": ""19 inches"", ""value"": 19}"
,,,2026-03-01T05:10:32.955305Z,{},False,,0,R203,http://192.168.65.40:8000/dcim/racks/27/,,,27,2026-03-01T05:10:32.955325Z,,,,R203,,,,,,0,,"{""description"": """", ""display"": ""Compute"", ""id"": 1, ""name"": ""Compute"", ""slug"": ""compute"", ""url"": ""http://192.168.65.40:8000/api/dcim/rack-roles/1/""}",,"{""description"": ""Main Distribution Frame"", ""display"": ""MDF"", ""id"": 24, ""name"": ""MDF"", ""slug"": ""ncsu-065"", ""url"": ""http://192.168.65.40:8000/api/dcim/sites/24/""}",1,"{""label"": ""Active"", ""value"": ""active""}",[],"{""description"": """", ""display"": ""NC State University"", ""id"": 6, ""name"": ""NC State University"", ""slug"": ""nc-state"", ""url"": ""http://192.168.65.40:8000/api/tenancy/tenants/6/""}",48,http://192.168.65.40:8000/api/dcim/racks/27/,,,"{""label"": ""19 inches"", ""value"": 19}"
,,,2026-03-01T05:10:33.022895Z,{},False,,0,R204,http://192.168.65.40:8000/dcim/racks/28/,,,28,2026-03-01T05:10:33.022915Z,,,,R204,,,,,,0,,"{""description"": """", ""display"": ""Compute"", ""id"": 1, ""name"": ""Compute"", ""slug"": ""compute"", ""url"": ""http://192.168.65.40:8000/api/dcim/rack-roles/1/""}",,"{""description"": ""Main Distribution Frame"", ""display"": ""MDF"", ""id"": 24, ""name"": ""MDF"", ""slug"": ""ncsu-065"", ""url"": ""http://192.168.65.40:8000/api/dcim/sites/24/""}",1,"{""label"": ""Active"", ""value"": ""active""}",[],"{""description"": """", ""display"": ""NC State University"", ""id"": 6, ""name"": ""NC State University"", ""slug"": ""nc-state"", ""url"": ""http://192.168.65.40:8000/api/tenancy/tenants/6/""}",48,http://192.168.65.40:8000/api/dcim/racks/28/,,,"{""label"": ""19 inches"", ""value"": 19}"
,,,2026-03-01T05:10:33.095300Z,{},False,,0,R205,http://192.168.65.40:8000/dcim/racks/29/,,,29,2026-03-01T05:10:33.095320Z,,,,R205,,,,,,0,,"{""description"": """", ""display"": ""Compute"", ""id"": 1, ""name"": ""Compute"", ""slug"": ""compute"", ""url"": ""http://192.168.65.40:8000/api/dcim/rack-roles/1/""}",,"{""description"": ""Main Distribution Frame"", ""display"": ""MDF"", ""id"": 24, ""name"": ""MDF"", ""slug"": ""ncsu-065"", ""url"": ""http://192.168.65.40:8000/api/dcim/sites/24/""}",1,"{""label"": ""Active"", ""value"": ""active""}",[],"{""description"": """", ""display"": ""NC State University"", ""id"": 6, ""name"": ""NC State University"", ""slug"": ""nc-state"", ""url"": ""http://192.168.65.40:8000/api/tenancy/tenants/6/""}",48,http://192.168.65.40:8000/api/dcim/racks/29/,,,"{""label"": ""19 inches"", ""value"": 19}"
,,,2026-03-01T05:10:33.164166Z,{},False,,0,R206,http://192.168.65.40:8000/dcim/racks/30/,,,30,2026-03-01T05:10:33.164188Z,,,,R206,,,,,,0,,"{""description"": """", ""display"": ""Compute"", ""id"": 1, ""name"": ""Compute"", ""slug"": ""compute"", ""url"": ""http://192.168.65.40:8000/api/dcim/rack-roles/1/""}",,"{""description"": ""Main Distribution Frame"", ""display"": ""MDF"", ""id"": 24, ""name"": ""MDF"", ""slug"": ""ncsu-065"", ""url"": ""http://192.168.65.40:8000/api/dcim/sites/24/""}",1,"{""label"": ""Active"", ""value"": ""active""}",[],"{""description"": """", ""display"": ""NC State University"", ""id"": 6, ""name"": ""NC State University"", ""slug"": ""nc-state"", ""url"": ""http://192.168.65.40:8000/api/tenancy/tenants/6/""}",48,http://192.168.65.40:8000/api/dcim/racks/30/,,,"{""label"": ""19 inches"", ""value"": 19}"
,,,2026-03-01T05:10:33.223792Z,{},False,,0,R207,http://192.168.65.40:8000/dcim/racks/31/,,,31,2026-03-01T05:10:33.223812Z,,,,R207,,,,,,0,,"{""description"": """", ""display"": ""Compute"", ""id"": 1, ""name"": ""Compute"", ""slug"": ""compute"", ""url"": ""http://192.168.65.40:8000/api/dcim/rack-roles/1/""}",,"{""description"": ""Main Distribution Frame"", ""display"": ""MDF"", ""id"": 24, ""name"": ""MDF"", ""slug"": ""ncsu-065"", ""url"": ""http://192.168.65.40:8000/api/dcim/sites/24/""}",1,"{""label"": ""Active"", ""value"": ""active""}",[],"{""description"": """", ""display"": ""NC State University"", ""id"": 6, ""name"": ""NC State University"", ""slug"": ""nc-state"", ""url"": ""http://192.168.65.40:8000/api/tenancy/tenants/6/""}",48,http://192.168.65.40:8000/api/dcim/racks/31/,,,"{""label"": ""19 inches"", ""value"": 19}"
,,,2026-03-01T05:10:33.289124Z,{},False,,0,R208,http://192.168.65.40:8000/dcim/racks/32/,,,32,2026-03-01T05:10:33.289154Z,,,,R208,,,,,,0,,"{""description"": """", ""display"": ""Compute"", ""id"": 1, ""name"": ""Compute"", ""slug"": ""compute"", ""url"": ""http://192.168.65.40:8000/api/dcim/rack-roles/1/""}",,"{""description"": ""Main Distribution Frame"", ""display"": ""MDF"", ""id"": 24, ""name"": ""MDF"", ""slug"": ""ncsu-065"", ""url"": ""http://192.168.65.40:8000/api/dcim/sites/24/""}",1,"{""label"": ""Active"", ""value"": ""active""}",[],"{""description"": """", ""display"": ""NC State University"", ""id"": 6, ""name"": ""NC State University"", ""slug"": ""nc-state"", ""url"": ""http://192.168.65.40:8000/api/tenancy/tenants/6/""}",48,http://192.168.65.40:8000/api/dcim/racks/32/,,,"{""label"": ""19 inches"", ""value"": 19}"
,,,2026-03-01T05:10:33.369705Z,{},False,,0,R301,http://192.168.65.40:8000/dcim/racks/33/,,,33,2026-03-01T05:10:33.369723Z,,,,R301,,,,,,0,,"{""description"": """", ""display"": ""Storage"", ""id"": 4, ""name"": ""Storage"", ""slug"": ""storage"", ""url"": ""http://192.168.65.40:8000/api/dcim/rack-roles/4/""}",,"{""description"": ""Main Distribution Frame"", ""display"": ""MDF"", ""id"": 24, ""name"": ""MDF"", ""slug"": ""ncsu-065"", ""url"": ""http://192.168.65.40:8000/api/dcim/sites/24/""}",1,"{""label"": ""Active"", ""value"": ""active""}",[],"{""description"": """", ""display"": ""NC State University"", ""id"": 6, ""name"": ""NC State University"", ""slug"": ""nc-state"", ""url"": ""http://192.168.65.40:8000/api/tenancy/tenants/6/""}",48,http://192.168.65.40:8000/api/dcim/racks/33/,,,"{""label"": ""19 inches"", ""value"": 19}"
,,,2026-03-01T05:10:33.430258Z,{},False,,0,R302,http://192.168.65.40:8000/dcim/racks/34/,,,34,2026-03-01T05:10:33.430278Z,,,,R302,,,,,,0,,"{""description"": """", ""display"": ""Storage"", ""id"": 4, ""name"": ""Storage"", ""slug"": ""storage"", ""url"": ""http://192.168.65.40:8000/api/dcim/rack-roles/4/""}",,"{""description"": ""Main Distribution Frame"", ""display"": ""MDF"", ""id"": 24, ""name"": ""MDF"", ""slug"": ""ncsu-065"", ""url"": ""http://192.168.65.40:8000/api/dcim/sites/24/""}",1,"{""label"": ""Active"", ""value"": ""active""}",[],"{""description"": """", ""display"": ""NC State University"", ""id"": 6, ""name"": ""NC State University"", ""slug"": ""nc-state"", ""url"": ""http://192.168.65.40:8000/api/tenancy/tenants/6/""}",48,http://192.168.65.40:8000/api/dcim/racks/34/,,,"{""label"": ""19 inches"", ""value"": 19}"
,,,2026-03-01T05:10:33.497050Z,{},False,,0,R303,http://192.168.65.40:8000/dcim/racks/35/,,,35,2026-03-01T05:10:33.497069Z,,,,R303,,,,,,0,,"{""description"": """", ""display"": ""Storage"", ""id"": 4, ""name"": ""Storage"", ""slug"": ""storage"", ""url"": ""http://192.168.65.40:8000/api/dcim/rack-roles/4/""}",,"{""description"": ""Main Distribution Frame"", ""display"": ""MDF"", ""id"": 24, ""name"": ""MDF"", ""slug"": ""ncsu-065"", ""url"": ""http://192.168.65.40:8000/api/dcim/sites/24/""}",1,"{""label"": ""Active"", ""value"": ""active""}",[],"{""description"": """", ""display"": ""NC State University"", ""id"": 6, ""name"": ""NC State University"", ""slug"": ""nc-state"", ""url"": ""http://192.168.65.40:8000/api/tenancy/tenants/6/""}",48,http://192.168.65.40:8000/api/dcim/racks/35/,,,"{""label"": ""19 inches"", ""value"": 19}"
,,,2026-03-01T05:10:33.554652Z,{},False,,0,R304,http://192.168.65.40:8000/dcim/racks/36/,,,36,2026-03-01T05:10:33.554671Z,,,,R304,,,,,,0,,"{""description"": """", ""display"": ""Storage"", ""id"": 4, ""name"": ""Storage"", ""slug"": ""storage"", ""url"": ""http://192.168.65.40:8000/api/dcim/rack-roles/4/""}",,"{""description"": ""Main Distribution Frame"", ""display"": ""MDF"", ""id"": 24, ""name"": ""MDF"", ""slug"": ""ncsu-065"", ""url"": ""http://192.168.65.40:8000/api/dcim/sites/24/""}",1,"{""label"": ""Active"", ""value"": ""active""}",[],"{""description"": """", ""display"": ""NC State University"", ""id"": 6, ""name"": ""NC State University"", ""slug"": ""nc-state"", ""url"": ""http://192.168.65.40:8000/api/tenancy/tenants/6/""}",48,http://192.168.65.40:8000/api/dcim/racks/36/,,,"{""label"": ""19 inches"", ""value"": 19}"
,,,2026-03-01T05:10:33.610430Z,{},False,,0,R305,http://192.168.65.40:8000/dcim/racks/37/,,,37,2026-03-01T05:10:33.610450Z,,,,R305,,,,,,0,,,,"{""description"": ""Main Distribution Frame"", ""display"": ""MDF"", ""id"": 24, ""name"": ""MDF"", ""slug"": ""ncsu-065"", ""url"": ""http://192.168.65.40:8000/api/dcim/sites/24/""}",1,"{""label"": ""Available"", ""value"": ""available""}",[],"{""description"": """", ""display"": ""NC State University"", ""id"": 6, ""name"": ""NC State University"", ""slug"": ""nc-state"", ""url"": ""http://192.168.65.40:8000/api/tenancy/tenants/6/""}",48,http://192.168.65.40:8000/api/dcim/racks/37/,,,"{""label"": ""19 inches"", ""value"": 19}"
,,,2026-03-01T05:10:33.671057Z,{},False,,0,R306,http://192.168.65.40:8000/dcim/racks/38/,,,38,2026-03-01T05:10:33.671077Z,,,,R306,,,,,,0,,,,"{""description"": ""Main Distribution Frame"", ""display"": ""MDF"", ""id"": 24, ""name"": ""MDF"", ""slug"": ""ncsu-065"", ""url"": ""http://192.168.65.40:8000/api/dcim/sites/24/""}",1,"{""label"": ""Available"", ""value"": ""available""}",[],"{""description"": """", ""display"": ""NC State University"", ""id"": 6, ""name"": ""NC State University"", ""slug"": ""nc-state"", ""url"": ""http://192.168.65.40:8000/api/tenancy/tenants/6/""}",48,http://192.168.65.40:8000/api/dcim/racks/38/,,,"{""label"": ""19 inches"", ""value"": 19}"
,,,2026-03-01T05:10:33.726986Z,{},False,,0,R307,http://192.168.65.40:8000/dcim/racks/39/,,,39,2026-03-01T05:10:33.727006Z,,,,R307,,,,,,0,,,,"{""description"": ""Main Distribution Frame"", ""display"": ""MDF"", ""id"": 24, ""name"": ""MDF"", ""slug"": ""ncsu-065"", ""url"": ""http://192.168.65.40:8000/api/dcim/sites/24/""}",1,"{""label"": ""Available"", ""value"": ""available""}",[],"{""description"": """", ""display"": ""NC State University"", ""id"": 6, ""name"": ""NC State University"", ""slug"": ""nc-state"", ""url"": ""http://192.168.65.40:8000/api/tenancy/tenants/6/""}",48,http://192.168.65.40:8000/api/dcim/racks/39/,,,"{""label"": ""19 inches"", ""value"": 19}"
,,,2026-03-01T05:10:33.783910Z,{},False,,0,R308,http://192.168.65.40:8000/dcim/racks/40/,,,40,2026-03-01T05:10:33.783929Z,,,,R308,,,,,,0,,,,"{""description"": ""Main Distribution Frame"", ""display"": ""MDF"", ""id"": 24, ""name"": ""MDF"", ""slug"": ""ncsu-065"", ""url"": ""http://192.168.65.40:8000/api/dcim/sites/24/""}",1,"{""label"": ""Available"", ""value"": ""available""}",[],"{""description"": """", ""display"": ""NC State University"", ""id"": 6, ""name"": ""NC State University"", ""slug"": ""nc-state"", ""url"": ""http://192.168.65.40:8000/api/tenancy/tenants/6/""}",48,http://192.168.65.40:8000/api/dcim/racks/40/,,,"{""label"": ""19 inches"", ""value"": 19}"
