_occupied,allocated_draw,cable,cable_end,connected_endpoints,connected_endpoints_reachable,connected_endpoints_type,created,custom_fields,description,device,display,display_url,id,label,last_updated,link_peers,link_peers_type,mark_connected,maximum_draw,module,name,owner,tags,type,url
False,,,,,,,2026-03-01T05:01:59.779068Z,{},,"{""description"": """", ""display"": ""dmi01-akron-pdu01"", ""id"": 1, ""name"": ""dmi01-akron-pdu01"", ""url"": ""http://192.168.65.40:8000/api/dcim/devices/1/""}",Input,http://192.168.65.40:8000/dcim/power-ports/1/,1,,2026-03-01T05:01:59.779088Z,[],,False,,,Input,,[],,http://192.168.65.40:8000/api/dcim/power-ports/1/
True,,"{""description"": """", ""display"": ""#24"", ""id"": 24, ""label"": """", ""url"": ""http://192.168.65.40:8000/api/dcim/cables/24/""}",A,"[{""_occupied"": true, ""cable"": {""description"": """", ""display"": ""#24"", ""id"": 24, ""label"": """", ""url"": ""http://192.168.65.40:8000/api/dcim/cables/24/""}, ""description"": """", ""device"": {""description"": """", ""display"": ""dmi01-akron-pdu01"", ""id"": 1, ""name"": ""dmi01-akron-pdu01"", ""url"": ""http://192.168.65.40:8000/api/dcim/devices/1/""}, ""display"": ""Outlet 1"", ""id"": 1, ""name"": ""Outlet 1"", ""url"": ""http://192.168.65.40:8000/api/dcim/power-outlets/1/""}]",True,dcim.poweroutlet,2026-03-01T05:02:00.251862Z,{},,"{""description"": """", ""display"": ""dmi01-akron-rtr01"", ""id"": 2, ""name"": ""dmi01-akron-rtr01"", ""url"": ""http://192.168.65.40:8000/api/dcim/devices/2/""}",PSU0,http://192.168.65.40:8000/dcim/power-ports/2/,2,,2026-03-01T05:02:23.323372Z,"[{""_occupied"": true, ""cable"": {""description"": """", ""display"": ""#24"", ""id"": 24, ""label"": """", ""url"": ""http://192.168.65.40:8000/api/dcim/cables/24/""}, ""description"": """", ""device"": {""description"": """", ""display"": ""dmi01-akron-pdu01"", ""id"": 1, ""name"": ""dmi01-akron-pdu01"", ""url"": ""http://192.168.65.40:8000/api/dcim/devices/1/""}, ""display"": ""Outlet 1"", ""id"": 1, ""name"": ""Outlet 1"", ""url"": ""http://192.168.65.40:8000/api/dcim/power-outlets/1/""}]",dcim.poweroutlet,False,150,,PSU0,,[],"{""label"": ""C14"", ""value"": ""iec-60320-c14""}",http://192.168.65.40:8000/api/dcim/power-ports/2/
True,,"{""description"": """", ""display"": ""#25"", ""id"": 25, ""label"": """", ""url"": ""http://192.168.65.40:8000/api/dcim/cables/25/""}",A,"[{""_occupied"": true, ""cable"": {""description"": """", ""display"": ""#25"", ""id"": 25, ""label"": """", ""url"": ""http://192.168.65.40:8000/api/dcim/cables/25/""}, ""description"": """", ""device"": {""description"": """", ""display"": ""dmi01-akron-pdu01"", ""id"": 1, ""name"": ""dmi01-akron-pdu01"", ""url"": ""http://192.168.65.40:8000/api/dcim/devices/1/""}, ""display"": ""Outlet 2"", ""id"": 2, ""name"": ""Outlet 2"", ""url"": ""http://192.168.65.40:8000/api/dcim/power-outlets/2/""}]",True,dcim.poweroutlet,2026-03-01T05:02:00.812565Z,{},,"{""description"": """", ""display"": ""dmi01-akron-sw01"", ""id"": 3, ""name"": ""dmi01-akron-sw01"", ""url"": ""http://192.168.65.40:8000/api/dcim/devices/3/""}",Power Port,http://192.168.65.40:8000/dcim/power-ports/3/,3,,2026-03-01T05:02:23.522485Z,"[{""_occupied"": true, ""cable"": {""description"": """", ""display"": ""#25"", ""id"": 25, ""label"": """", ""url"": ""http://192.168.65.40:8000/api/dcim/cables/25/""}, ""description"": """", ""device"": {""description"": """", ""display"": ""dmi01-akron-pdu01"", ""id"": 1, ""name"": ""dmi01-akron-pdu01"", ""url"": ""http://192.168.65.40:8000/api/dcim/devices/1/""}, ""display"": ""Outlet 2"", ""id"": 2, ""name"": ""Outlet 2"", ""url"": ""http://192.168.65.40:8000/api/dcim/power-outlets/2/""}]",dcim.poweroutlet,False,,,Power Port,,[],"{""label"": ""C14"", ""value"": ""iec-60320-c14""}",http://192.168.65.40:8000/api/dcim/power-ports/3/
False,,,,,,,2026-03-01T05:02:01.039596Z,{},,"{""description"": """", ""display"": ""dmi01-albany-pdu01"", ""id"": 4, ""name"": ""dmi01-albany-pdu01"", ""url"": ""http://192.168.65.40:8000/api/dcim/devices/4/""}",Input,http://192.168.65.40:8000/dcim/power-ports/4/,4,,2026-03-01T05:02:01.039615Z,[],,False,,,Input,,[],,http://192.168.65.40:8000/api/dcim/power-ports/4/
True,,"{""description"": """", ""display"": ""#26"", ""id"": 26, ""label"": """", ""url"": ""http://192.168.65.40:8000/api/dcim/cables/26/""}",A,"[{""_occupied"": true, ""cable"": {""description"": """", ""display"": ""#26"", ""id"": 26, ""label"": """", ""url"": ""http://192.168.65.40:8000/api/dcim/cables/26/""}, ""description"": """", ""device"": {""description"": """", ""display"": ""dmi01-albany-pdu01"", ""id"": 4, ""name"": ""dmi01-albany-pdu01"", ""url"": ""http://192.168.65.40:8000/api/dcim/devices/4/""}, ""display"": ""Outlet 1"", ""id"": 9, ""name"": ""Outlet 1"", ""url"": ""http://192.168.65.40:8000/api/dcim/power-outlets/9/""}]",True,dcim.poweroutlet,2026-03-01T05:02:01.481845Z,{},,"{""description"": """", ""display"": ""dmi01-albany-rtr01"", ""id"": 5, ""name"": ""dmi01-albany-rtr01"", ""url"": ""http://192.168.65.40:8000/api/dcim/devices/5/""}",PSU0,http://192.168.65.40:8000/dcim/power-ports/5/,5,,2026-03-01T05:02:23.707031Z,"[{""_occupied"": true, ""cable"": {""description"": """", ""display"": ""#26"", ""id"": 26, ""label"": """", ""url"": ""http://192.168.65.40:8000/api/dcim/cables/26/""}, ""description"": """", ""device"": {""description"": """", ""display"": ""dmi01-albany-pdu01"", ""id"": 4, ""name"": ""dmi01-albany-pdu01"", ""url"": ""http://192.168.65.40:8000/api/dcim/devices/4/""}, ""display"": ""Outlet 1"", ""id"": 9, ""name"": ""Outlet 1"", ""url"": ""http://192.168.65.40:8000/api/dcim/power-outlets/9/""}]",dcim.poweroutlet,False,150,,PSU0,,[],"{""label"": ""C14"", ""value"": ""iec-60320-c14""}",http://192.168.65.40:8000/api/dcim/power-ports/5/
True,,"{""description"": """", ""display"": ""#27"", ""id"": 27, ""label"": """", ""url"": ""http://192.168.65.40:8000/api/dcim/cables/27/""}",A,"[{""_occupied"": true, ""cable"": {""description"": """", ""display"": ""#27"", ""id"": 27, ""label"": """", ""url"": ""http://192.168.65.40:8000/api/dcim/cables/27/""}, ""description"": """", ""device"": {""description"": """", ""display"": ""dmi01-albany-pdu01"", ""id"": 4, ""name"": ""dmi01-albany-pdu01"", ""url"": ""http://192.168.65.40:8000/api/dcim/devices/4/""}, ""display"": ""Outlet 2"", ""id"": 10, ""name"": ""Outlet 2"", ""url"": ""http://192.168.65.40:8000/api/dcim/power-outlets/10/""}]",True,dcim.poweroutlet,2026-03-01T05:02:01.555715Z,{},,"{""description"": """", ""display"": ""dmi01-albany-sw01"", ""id"": 6, ""name"": ""dmi01-albany-sw01"", ""url"": ""http://192.168.65.40:8000/api/dcim/devices/6/""}",Power Port,http://192.168.65.40:8000/dcim/power-ports/6/,6,,2026-03-01T05:02:23.945364Z,"[{""_occupied"": true, ""cable"": {""description"": """", ""display"": ""#27"", ""id"": 27, ""label"": """", ""url"": ""http://192.168.65.40:8000/api/dcim/cables/27/""}, ""description"": """", ""device"": {""description"": """", ""display"": ""dmi01-albany-pdu01"", ""id"": 4, ""name"": ""dmi01-albany-pdu01"", ""url"": ""http://192.168.65.40:8000/api/dcim/devices/4/""}, ""display"": ""Outlet 2"", ""id"": 10, ""name"": ""Outlet 2"", ""url"": ""http://192.168.65.40:8000/api/dcim/power-outlets/10/""}]",dcim.poweroutlet,False,,,Power Port,,[],"{""label"": ""C14"", ""value"": ""iec-60320-c14""}",http://192.168.65.40:8000/api/dcim/power-ports/6/
False,,,,,,,2026-03-01T05:02:01.610193Z,{},,"{""description"": """", ""display"": ""dmi01-binghamton-pdu01"", ""id"": 7, ""name"": ""dmi01-binghamton-pdu01"", ""url"": ""http://192.168.65.40:8000/api/dcim/devices/7/""}",Input,http://192.168.65.40:8000/dcim/power-ports/7/,7,,2026-03-01T05:02:01.610212Z,[],,False,,,Input,,[],,http://192.168.65.40:8000/api/dcim/power-ports/7/
True,,"{""description"": """", ""display"": ""#28"", ""id"": 28, ""label"": """", ""url"": ""http://192.168.65.40:8000/api/dcim/cables/28/""}",A,"[{""_occupied"": true, ""cable"": {""description"": """", ""display"": ""#28"", ""id"": 28, ""label"": """", ""url"": ""http://192.168.65.40:8000/api/dcim/cables/28/""}, ""description"": """", ""device"": {""description"": """", ""display"": ""dmi01-binghamton-pdu01"", ""id"": 7, ""name"": ""dmi01-binghamton-pdu01"", ""url"": ""http://192.168.65.40:8000/api/dcim/devices/7/""}, ""display"": ""Outlet 1"", ""id"": 17, ""name"": ""Outlet 1"", ""url"": ""http://192.168.65.40:8000/api/dcim/power-outlets/17/""}]",True,dcim.poweroutlet,2026-03-01T05:02:01.665771Z,{},,"{""description"": """", ""display"": ""dmi01-binghamton-rtr01"", ""id"": 8, ""name"": ""dmi01-binghamton-rtr01"", ""url"": ""http://192.168.65.40:8000/api/dcim/devices/8/""}",PSU0,http://192.168.65.40:8000/dcim/power-ports/8/,8,,2026-03-01T05:02:24.140150Z,"[{""_occupied"": true, ""cable"": {""description"": """", ""display"": ""#28"", ""id"": 28, ""label"": """", ""url"": ""http://192.168.65.40:8000/api/dcim/cables/28/""}, ""description"": """", ""device"": {""description"": """", ""display"": ""dmi01-binghamton-pdu01"", ""id"": 7, ""name"": ""dmi01-binghamton-pdu01"", ""url"": ""http://192.168.65.40:8000/api/dcim/devices/7/""}, ""display"": ""Outlet 1"", ""id"": 17, ""name"": ""Outlet 1"", ""url"": ""http://192.168.65.40:8000/api/dcim/power-outlets/17/""}]",dcim.poweroutlet,False,150,,PSU0,,[],"{""label"": ""C14"", ""value"": ""iec-60320-c14""}",http://192.168.65.40:8000/api/dcim/power-ports/8/
True,,"{""description"": """", ""display"": ""#29"", ""id"": 29, ""label"": """", ""url"": ""http://192.168.65.40:8000/api/dcim/cables/29/""}",A,"[{""_occupied"": true, ""cable"": {""description"": """", ""display"": ""#29"", ""id"": 29, ""label"": """", ""url"": ""http://192.168.65.40:8000/api/dcim/cables/29/""}, ""description"": """", ""device"": {""description"": """", ""display"": ""dmi01-binghamton-pdu01"", ""id"": 7, ""name"": ""dmi01-binghamton-pdu01"", ""url"": ""http://192.168.65.40:8000/api/dcim/devices/7/""}, ""display"": ""Outlet 2"", ""id"": 18, ""name"": ""Outlet 2"", ""url"": ""http://192.168.65.40:8000/api/dcim/power-outlets/18/""}]",True,dcim.poweroutlet,2026-03-01T05:02:01.741832Z,{},,"{""description"": """", ""display"": ""dmi01-binghamton-sw01"", ""id"": 9, ""name"": ""dmi01-binghamton-sw01"", ""url"": ""http://192.168.65.40:8000/api/dcim/devices/9/""}",Power Port,http://192.168.65.40:8000/dcim/power-ports/9/,9,,2026-03-01T05:02:24.448531Z,"[{""_occupied"": true, ""cable"": {""description"": """", ""display"": ""#29"", ""id"": 29, ""label"": """", ""url"": ""http://192.168.65.40:8000/api/dcim/cables/29/""}, ""description"": """", ""device"": {""description"": """", ""display"": ""dmi01-binghamton-pdu01"", ""id"": 7, ""name"": ""dmi01-binghamton-pdu01"", ""url"": ""http://192.168.65.40:8000/api/dcim/devices/7/""}, ""display"": ""Outlet 2"", ""id"": 18, ""name"": ""Outlet 2"", ""url"": ""http://192.168.65.40:8000/api/dcim/power-outlets/18/""}]",dcim.poweroutlet,False,,,Power Port,,[],"{""label"": ""C14"", ""value"": ""iec-60320-c14""}",http://192.168.65.40:8000/api/dcim/power-ports/9/
False,,,,,,,2026-03-01T05:02:01.800753Z,{},,"{""description"": """", ""display"": ""dmi01-buffalo-pdu01"", ""id"": 10, ""name"": ""dmi01-buffalo-pdu01"", ""url"": ""http://192.168.65.40:8000/api/dcim/devices/10/""}",Input,http://192.168.65.40:8000/dcim/power-ports/10/,10,,2026-03-01T05:02:01.800772Z,[],,False,,,Input,,[],,http://192.168.65.40:8000/api/dcim/power-ports/10/
True,,"{""description"": """", ""display"": ""#30"", ""id"": 30, ""label"": """", ""url"": ""http://192.168.65.40:8000/api/dcim/cables/30/""}",A,"[{""_occupied"": true, ""cable"": {""description"": """", ""display"": ""#30"", ""id"": 30, ""label"": """", ""url"": ""http://192.168.65.40:8000/api/dcim/cables/30/""}, ""description"": """", ""device"": {""description"": """", ""display"": ""dmi01-buffalo-pdu01"", ""id"": 10, ""name"": ""dmi01-buffalo-pdu01"", ""url"": ""http://192.168.65.40:8000/api/dcim/devices/10/""}, ""display"": ""Outlet 1"", ""id"": 25, ""name"": ""Outlet 1"", ""url"": ""http://192.168.65.40:8000/api/dcim/power-outlets/25/""}]",True,dcim.poweroutlet,2026-03-01T05:02:01.872110Z,{},,"{""description"": """", ""display"": ""dmi01-buffalo-rtr01"", ""id"": 11, ""name"": ""dmi01-buffalo-rtr01"", ""url"": ""http://192.168.65.40:8000/api/dcim/devices/11/""}",PSU0,http://192.168.65.40:8000/dcim/power-ports/11/,11,,2026-03-01T05:02:24.651398Z,"[{""_occupied"": true, ""cable"": {""description"": """", ""display"": ""#30"", ""id"": 30, ""label"": """", ""url"": ""http://192.168.65.40:8000/api/dcim/cables/30/""}, ""description"": """", ""device"": {""description"": """", ""display"": ""dmi01-buffalo-pdu01"", ""id"": 10, ""name"": ""dmi01-buffalo-pdu01"", ""url"": ""http://192.168.65.40:8000/api/dcim/devices/10/""}, ""display"": ""Outlet 1"", ""id"": 25, ""name"": ""Outlet 1"", ""url"": ""http://192.168.65.40:8000/api/dcim/power-outlets/25/""}]",dcim.poweroutlet,False,150,,PSU0,,[],"{""label"": ""C14"", ""value"": ""iec-60320-c14""}",http://192.168.65.40:8000/api/dcim/power-ports/11/
True,,"{""description"": """", ""display"": ""#31"", ""id"": 31, ""label"": """", ""url"": ""http://192.168.65.40:8000/api/dcim/cables/31/""}",A,"[{""_occupied"": true, ""cable"": {""description"": """", ""display"": ""#31"", ""id"": 31, ""label"": """", ""url"": ""http://192.168.65.40:8000/api/dcim/cables/31/""}, ""description"": """", ""device"": {""description"": """", ""display"": ""dmi01-buffalo-pdu01"", ""id"": 10, ""name"": ""dmi01-buffalo-pdu01"", ""url"": ""http://192.168.65.40:8000/api/dcim/devices/10/""}, ""display"": ""Outlet 2"", ""id"": 26, ""name"": ""Outlet 2"", ""url"": ""http://192.168.65.40:8000/api/dcim/power-outlets/26/""}]",True,dcim.poweroutlet,2026-03-01T05:02:01.931886Z,{},,"{""description"": """", ""display"": ""dmi01-buffalo-sw01"", ""id"": 12, ""name"": ""dmi01-buffalo-sw01"", ""url"": ""http://192.168.65.40:8000/api/dcim/devices/12/""}",Power Port,http://192.168.65.40:8000/dcim/power-ports/12/,12,,2026-03-01T05:02:24.856960Z,"[{""_occupied"": true, ""cable"": {""description"": """", ""display"": ""#31"", ""id"": 31, ""label"": """", ""url"": ""http://192.168.65.40:8000/api/dcim/cables/31/""}, ""description"": """", ""device"": {""description"": """", ""display"": ""dmi01-buffalo-pdu01"", ""id"": 10, ""name"": ""dmi01-buffalo-pdu01"", ""url"": ""http://192.168.65.40:8000/api/dcim/devices/10/""}, ""display"": ""Outlet 2"", ""id"": 26, ""name"": ""Outlet 2"", ""url"": ""http://192.168.65.40:8000/api/dcim/power-outlets/26/""}]",dcim.poweroutlet,False,,,Power Port,,[],"{""label"": ""C14"", ""value"": ""iec-60320-c14""}",http://192.168.65.40:8000/api/dcim/power-ports/12/
False,,,,,,,2026-03-01T05:02:01.984108Z,{},,"{""description"": """", ""display"": ""dmi01-camden-pdu01"", ""id"": 13, ""name"": ""dmi01-camden-pdu01"", ""url"": ""http://192.168.65.40:8000/api/dcim/devices/13/""}",Input,http://192.168.65.40:8000/dcim/power-ports/13/,13,,2026-03-01T05:02:01.984127Z,[],,False,,,Input,,[],,http://192.168.65.40:8000/api/dcim/power-ports/13/
True,,"{""description"": """", ""display"": ""#32"", ""id"": 32, ""label"": """", ""url"": ""http://192.168.65.40:8000/api/dcim/cables/32/""}",A,"[{""_occupied"": true, ""cable"": {""description"": """", ""display"": ""#32"", ""id"": 32, ""label"": """", ""url"": ""http://192.168.65.40:8000/api/dcim/cables/32/""}, ""description"": """", ""device"": {""description"": """", ""display"": ""dmi01-camden-pdu01"", ""id"": 13, ""name"": ""dmi01-camden-pdu01"", ""url"": ""http://192.168.65.40:8000/api/dcim/devices/13/""}, ""display"": ""Outlet 1"", ""id"": 33, ""name"": ""Outlet 1"", ""url"": ""http://192.168.65.40:8000/api/dcim/power-outlets/33/""}]",True,dcim.poweroutlet,2026-03-01T05:02:02.035282Z,{},,"{""description"": """", ""display"": ""dmi01-camden-rtr01"", ""id"": 14, ""name"": ""dmi01-camden-rtr01"", ""url"": ""http://192.168.65.40:8000/api/dcim/devices/14/""}",PSU0,http://192.168.65.40:8000/dcim/power-ports/14/,14,,2026-03-01T05:02:25.078439Z,"[{""_occupied"": true, ""cable"": {""description"": """", ""display"": ""#32"", ""id"": 32, ""label"": """", ""url"": ""http://192.168.65.40:8000/api/dcim/cables/32/""}, ""description"": """", ""device"": {""description"": """", ""display"": ""dmi01-camden-pdu01"", ""id"": 13, ""name"": ""dmi01-camden-pdu01"", ""url"": ""http://192.168.65.40:8000/api/dcim/devices/13/""}, ""display"": ""Outlet 1"", ""id"": 33, ""name"": ""Outlet 1"", ""url"": ""http://192.168.65.40:8000/api/dcim/power-outlets/33/""}]",dcim.poweroutlet,False,150,,PSU0,,[],"{""label"": ""C14"", ""value"": ""iec-60320-c14""}",http://192.168.65.40:8000/api/dcim/power-ports/14/
True,,"{""description"": """", ""display"": ""#33"", ""id"": 33, ""label"": """", ""url"": ""http://192.168.65.40:8000/api/dcim/cables/33/""}",A,"[{""_occupied"": true, ""cable"": {""description"": """", ""display"": ""#33"", ""id"": 33, ""label"": """", ""url"": ""http://192.168.65.40:8000/api/dcim/cables/33/""}, ""description"": """", ""device"": {""description"": """", ""display"": ""dmi01-camden-pdu01"", ""id"": 13, ""name"": ""dmi01-camden-pdu01"", ""url"": ""http://192.168.65.40:8000/api/dcim/devices/13/""}, ""display"": ""Outlet 2"", ""id"": 34, ""name"": ""Outlet 2"", ""url"": ""http://192.168.65.40:8000/api/dcim/power-outlets/34/""}]",True,dcim.poweroutlet,2026-03-01T05:02:02.091143Z,{},,"{""description"": """", ""display"": ""dmi01-camden-sw01"", ""id"": 15, ""name"": ""dmi01-camden-sw01"", ""url"": ""http://192.168.65.40:8000/api/dcim/devices/15/""}",Power Port,http://192.168.65.40:8000/dcim/power-ports/15/,15,,2026-03-01T05:02:25.265388Z,"[{""_occupied"": true, ""cable"": {""description"": """", ""display"": ""#33"", ""id"": 33, ""label"": """", ""url"": ""http://192.168.65.40:8000/api/dcim/cables/33/""}, ""description"": """", ""device"": {""description"": """", ""display"": ""dmi01-camden-pdu01"", ""id"": 13, ""name"": ""dmi01-camden-pdu01"", ""url"": ""http://192.168.65.40:8000/api/dcim/devices/13/""}, ""display"": ""Outlet 2"", ""id"": 34, ""name"": ""Outlet 2"", ""url"": ""http://192.168.65.40:8000/api/dcim/power-outlets/34/""}]",dcim.poweroutlet,False,,,Power Port,,[],"{""label"": ""C14"", ""value"": ""iec-60320-c14""}",http://192.168.65.40:8000/api/dcim/power-ports/15/
False,,,,,,,2026-03-01T05:02:02.142207Z,{},,"{""description"": """", ""display"": ""dmi01-nashua-pdu01"", ""id"": 16, ""name"": ""dmi01-nashua-pdu01"", ""url"": ""http://192.168.65.40:8000/api/dcim/devices/16/""}",Input,http://192.168.65.40:8000/dcim/power-ports/16/,16,,2026-03-01T05:02:02.142226Z,[],,False,,,Input,,[],,http://192.168.65.40:8000/api/dcim/power-ports/16/
True,,"{""description"": """", ""display"": ""#34"", ""id"": 34, ""label"": """", ""url"": ""http://192.168.65.40:8000/api/dcim/cables/34/""}",A,"[{""_occupied"": true, ""cable"": {""description"": """", ""display"": ""#34"", ""id"": 34, ""label"": """", ""url"": ""http://192.168.65.40:8000/api/dcim/cables/34/""}, ""description"": """", ""device"": {""description"": """", ""display"": ""dmi01-nashua-pdu01"", ""id"": 16, ""name"": ""dmi01-nashua-pdu01"", ""url"": ""http://192.168.65.40:8000/api/dcim/devices/16/""}, ""display"": ""Outlet 1"", ""id"": 41, ""name"": ""Outlet 1"", ""url"": ""http://192.168.65.40:8000/api/dcim/power-outlets/41/""}]",True,dcim.poweroutlet,2026-03-01T05:02:02.196190Z,{},,"{""description"": """", ""display"": ""dmi01-nashua-rtr01"", ""id"": 17, ""name"": ""dmi01-nashua-rtr01"", ""url"": ""http://192.168.65.40:8000/api/dcim/devices/17/""}",PSU0,http://192.168.65.40:8000/dcim/power-ports/17/,17,,2026-03-01T05:02:25.474989Z,"[{""_occupied"": true, ""cable"": {""description"": """", ""display"": ""#34"", ""id"": 34, ""label"": """", ""url"": ""http://192.168.65.40:8000/api/dcim/cables/34/""}, ""description"": """", ""device"": {""description"": """", ""display"": ""dmi01-nashua-pdu01"", ""id"": 16, ""name"": ""dmi01-nashua-pdu01"", ""url"": ""http://192.168.65.40:8000/api/dcim/devices/16/""}, ""display"": ""Outlet 1"", ""id"": 41, ""name"": ""Outlet 1"", ""url"": ""http://192.168.65.40:8000/api/dcim/power-outlets/41/""}]",dcim.poweroutlet,False,150,,PSU0,,[],"{""label"": ""C14"", ""value"": ""iec-60320-c14""}",http://192.168.65.40:8000/api/dcim/power-ports/17/
True,,"{""description"": """", ""display"": ""#35"", ""id"": 35, ""label"": """", ""url"": ""http://192.168.65.40:8000/api/dcim/cables/35/""}",A,"[{""_occupied"": true, ""cable"": {""description"": """", ""display"": ""#35"", ""id"": 35, ""label"": """", ""url"": ""http://192.168.65.40:8000/api/dcim/cables/35/""}, ""description"": """", ""device"": {""description"": """", ""display"": ""dmi01-nashua-pdu01"", ""id"": 16, ""name"": ""dmi01-nashua-pdu01"", ""url"": ""http://192.168.65.40:8000/api/dcim/devices/16/""}, ""display"": ""Outlet 2"", ""id"": 42, ""name"": ""Outlet 2"", ""url"": ""http://192.168.65.40:8000/api/dcim/power-outlets/42/""}]",True,dcim.poweroutlet,2026-03-01T05:02:02.252012Z,{},,"{""description"": """", ""display"": ""dmi01-nashua-sw01"", ""id"": 18, ""name"": ""dmi01-nashua-sw01"", ""url"": ""http://192.168.65.40:8000/api/dcim/devices/18/""}",Power Port,http://192.168.65.40:8000/dcim/power-ports/18/,18,,2026-03-01T05:02:25.676783Z,"[{""_occupied"": true, ""cable"": {""description"": """", ""display"": ""#35"", ""id"": 35, ""label"": """", ""url"": ""http://192.168.65.40:8000/api/dcim/cables/35/""}, ""description"": """", ""device"": {""description"": """", ""display"": ""dmi01-nashua-pdu01"", ""id"": 16, ""name"": ""dmi01-nashua-pdu01"", ""url"": ""http://192.168.65.40:8000/api/dcim/devices/16/""}, ""display"": ""Outlet 2"", ""id"": 42, ""name"": ""Outlet 2"", ""url"": ""http://192.168.65.40:8000/api/dcim/power-outlets/42/""}]",dcim.poweroutlet,False,,,Power Port,,[],"{""label"": ""C14"", ""value"": ""iec-60320-c14""}",http://192.168.65.40:8000/api/dcim/power-ports/18/
False,,,,,,,2026-03-01T05:02:02.306647Z,{},,"{""description"": """", ""display"": ""dmi01-pittsfield-pdu01"", ""id"": 19, ""name"": ""dmi01-pittsfield-pdu01"", ""url"": ""http://192.168.65.40:8000/api/dcim/devices/19/""}",Input,http://192.168.65.40:8000/dcim/power-ports/19/,19,,2026-03-01T05:02:02.306667Z,[],,False,,,Input,,[],,http://192.168.65.40:8000/api/dcim/power-ports/19/
True,,"{""description"": """", ""display"": ""#36"", ""id"": 36, ""label"": """", ""url"": ""http://192.168.65.40:8000/api/dcim/cables/36/""}",A,"[{""_occupied"": true, ""cable"": {""description"": """", ""display"": ""#36"", ""id"": 36, ""label"": """", ""url"": ""http://192.168.65.40:8000/api/dcim/cables/36/""}, ""description"": """", ""device"": {""description"": """", ""display"": ""dmi01-pittsfield-pdu01"", ""id"": 19, ""name"": ""dmi01-pittsfield-pdu01"", ""url"": ""http://192.168.65.40:8000/api/dcim/devices/19/""}, ""display"": ""Outlet 1"", ""id"": 49, ""name"": ""Outlet 1"", ""url"": ""http://192.168.65.40:8000/api/dcim/power-outlets/49/""}]",True,dcim.poweroutlet,2026-03-01T05:02:03.096345Z,{},,"{""description"": """", ""display"": ""dmi01-pittsfield-rtr01"", ""id"": 20, ""name"": ""dmi01-pittsfield-rtr01"", ""url"": ""http://192.168.65.40:8000/api/dcim/devices/20/""}",PSU0,http://192.168.65.40:8000/dcim/power-ports/20/,20,,2026-03-01T05:02:25.881473Z,"[{""_occupied"": true, ""cable"": {""description"": """", ""display"": ""#36"", ""id"": 36, ""label"": """", ""url"": ""http://192.168.65.40:8000/api/dcim/cables/36/""}, ""description"": """", ""device"": {""description"": """", ""display"": ""dmi01-pittsfield-pdu01"", ""id"": 19, ""name"": ""dmi01-pittsfield-pdu01"", ""url"": ""http://192.168.65.40:8000/api/dcim/devices/19/""}, ""display"": ""Outlet 1"", ""id"": 49, ""name"": ""Outlet 1"", ""url"": ""http://192.168.65.40:8000/api/dcim/power-outlets/49/""}]",dcim.poweroutlet,False,150,,PSU0,,[],"{""label"": ""C14"", ""value"": ""iec-60320-c14""}",http://192.168.65.40:8000/api/dcim/power-ports/20/
True,,"{""description"": """", ""display"": ""#37"", ""id"": 37, ""label"": """", ""url"": ""http://192.168.65.40:8000/api/dcim/cables/37/""}",A,"[{""_occupied"": true, ""cable"": {""description"": """", ""display"": ""#37"", ""id"": 37, ""label"": """", ""url"": ""http://192.168.65.40:8000/api/dcim/cables/37/""}, ""description"": """", ""device"": {""description"": """", ""display"": ""dmi01-pittsfield-pdu01"", ""id"": 19, ""name"": ""dmi01-pittsfield-pdu01"", ""url"": ""http://192.168.65.40:8000/api/dcim/devices/19/""}, ""display"": ""Outlet 2"", ""id"": 50, ""name"": ""Outlet 2"", ""url"": ""http://192.168.65.40:8000/api/dcim/power-outlets/50/""}]",True,dcim.poweroutlet,2026-03-01T05:02:03.163608Z,{},,"{""description"": """", ""display"": ""dmi01-pittsfield-sw01"", ""id"": 21, ""name"": ""dmi01-pittsfield-sw01"", ""url"": ""http://192.168.65.40:8000/api/dcim/devices/21/""}",Power Port,http://192.168.65.40:8000/dcim/power-ports/21/,21,,2026-03-01T05:02:26.597668Z,"[{""_occupied"": true, ""cable"": {""description"": """", ""display"": ""#37"", ""id"": 37, ""label"": """", ""url"": ""http://192.168.65.40:8000/api/dcim/cables/37/""}, ""description"": """", ""device"": {""description"": """", ""display"": ""dmi01-pittsfield-pdu01"", ""id"": 19, ""name"": ""dmi01-pittsfield-pdu01"", ""url"": ""http://192.168.65.40:8000/api/dcim/devices/19/""}, ""display"": ""Outlet 2"", ""id"": 50, ""name"": ""Outlet 2"", ""url"": ""http://192.168.65.40:8000/api/dcim/power-outlets/50/""}]",dcim.poweroutlet,False,,,Power Port,,[],"{""label"": ""C14"", ""value"": ""iec-60320-c14""}",http://192.168.65.40:8000/api/dcim/power-ports/21/
False,,,,,,,2026-03-01T05:02:03.213801Z,{},,"{""description"": """", ""display"": ""dmi01-rochester-pdu01"", ""id"": 22, ""name"": ""dmi01-rochester-pdu01"", ""url"": ""http://192.168.65.40:8000/api/dcim/devices/22/""}",Input,http://192.168.65.40:8000/dcim/power-ports/22/,22,,2026-03-01T05:02:03.213821Z,[],,False,,,Input,,[],,http://192.168.65.40:8000/api/dcim/power-ports/22/
True,,"{""description"": """", ""display"": ""#38"", ""id"": 38, ""label"": """", ""url"": ""http://192.168.65.40:8000/api/dcim/cables/38/""}",A,"[{""_occupied"": true, ""cable"": {""description"": """", ""display"": ""#38"", ""id"": 38, ""label"": """", ""url"": ""http://192.168.65.40:8000/api/dcim/cables/38/""}, ""description"": """", ""device"": {""description"": """", ""display"": ""dmi01-rochester-pdu01"", ""id"": 22, ""name"": ""dmi01-rochester-pdu01"", ""url"": ""http://192.168.65.40:8000/api/dcim/devices/22/""}, ""display"": ""Outlet 1"", ""id"": 57, ""name"": ""Outlet 1"", ""url"": ""http://192.168.65.40:8000/api/dcim/power-outlets/57/""}]",True,dcim.poweroutlet,2026-03-01T05:02:03.261506Z,{},,"{""description"": """", ""display"": ""dmi01-rochester-rtr01"", ""id"": 23, ""name"": ""dmi01-rochester-rtr01"", ""url"": ""http://192.168.65.40:8000/api/dcim/devices/23/""}",PSU0,http://192.168.65.40:8000/dcim/power-ports/23/,23,,2026-03-01T05:02:26.887964Z,"[{""_occupied"": true, ""cable"": {""description"": """", ""display"": ""#38"", ""id"": 38, ""label"": """", ""url"": ""http://192.168.65.40:8000/api/dcim/cables/38/""}, ""description"": """", ""device"": {""description"": """", ""display"": ""dmi01-rochester-pdu01"", ""id"": 22, ""name"": ""dmi01-rochester-pdu01"", ""url"": ""http://192.168.65.40:8000/api/dcim/devices/22/""}, ""display"": ""Outlet 1"", ""id"": 57, ""name"": ""Outlet 1"", ""url"": ""http://192.168.65.40:8000/api/dcim/power-outlets/57/""}]",dcim.poweroutlet,False,150,,PSU0,,[],"{""label"": ""C14"", ""value"": ""iec-60320-c14""}",http://192.168.65.40:8000/api/dcim/power-ports/23/
True,,"{""description"": """", ""display"": ""#39"", ""id"": 39, ""label"": """", ""url"": ""http://192.168.65.40:8000/api/dcim/cables/39/""}",A,"[{""_occupied"": true, ""cable"": {""description"": """", ""display"": ""#39"", ""id"": 39, ""label"": """", ""url"": ""http://192.168.65.40:8000/api/dcim/cables/39/""}, ""description"": """", ""device"": {""description"": """", ""display"": ""dmi01-rochester-pdu01"", ""id"": 22, ""name"": ""dmi01-rochester-pdu01"", ""url"": ""http://192.168.65.40:8000/api/dcim/devices/22/""}, ""display"": ""Outlet 2"", ""id"": 58, ""name"": ""Outlet 2"", ""url"": ""http://192.168.65.40:8000/api/dcim/power-outlets/58/""}]",True,dcim.poweroutlet,2026-03-01T05:02:03.313410Z,{},,"{""description"": """", ""display"": ""dmi01-rochster-sw01"", ""id"": 24, ""name"": ""dmi01-rochster-sw01"", ""url"": ""http://192.168.65.40:8000/api/dcim/devices/24/""}",Power Port,http://192.168.65.40:8000/dcim/power-ports/24/,24,,2026-03-01T05:02:27.129889Z,"[{""_occupied"": true, ""cable"": {""description"": """", ""display"": ""#39"", ""id"": 39, ""label"": """", ""url"": ""http://192.168.65.40:8000/api/dcim/cables/39/""}, ""description"": """", ""device"": {""description"": """", ""display"": ""dmi01-rochester-pdu01"", ""id"": 22, ""name"": ""dmi01-rochester-pdu01"", ""url"": ""http://192.168.65.40:8000/api/dcim/devices/22/""}, ""display"": ""Outlet 2"", ""id"": 58, ""name"": ""Outlet 2"", ""url"": ""http://192.168.65.40:8000/api/dcim/power-outlets/58/""}]",dcim.poweroutlet,False,,,Power Port,,[],"{""label"": ""C14"", ""value"": ""iec-60320-c14""}",http://192.168.65.40:8000/api/dcim/power-ports/24/
False,,,,,,,2026-03-01T05:02:03.375478Z,{},,"{""description"": """", ""display"": ""dmi01-scranton-pdu01"", ""id"": 25, ""name"": ""dmi01-scranton-pdu01"", ""url"": ""http://192.168.65.40:8000/api/dcim/devices/25/""}",Input,http://192.168.65.40:8000/dcim/power-ports/25/,25,,2026-03-01T05:02:03.375498Z,[],,False,,,Input,,[],,http://192.168.65.40:8000/api/dcim/power-ports/25/
True,,"{""description"": """", ""display"": ""#40"", ""id"": 40, ""label"": """", ""url"": ""http://192.168.65.40:8000/api/dcim/cables/40/""}",A,"[{""_occupied"": true, ""cable"": {""description"": """", ""display"": ""#40"", ""id"": 40, ""label"": """", ""url"": ""http://192.168.65.40:8000/api/dcim/cables/40/""}, ""description"": """", ""device"": {""description"": """", ""display"": ""dmi01-scranton-pdu01"", ""id"": 25, ""name"": ""dmi01-scranton-pdu01"", ""url"": ""http://192.168.65.40:8000/api/dcim/devices/25/""}, ""display"": ""Outlet 1"", ""id"": 65, ""name"": ""Outlet 1"", ""url"": ""http://192.168.65.40:8000/api/dcim/power-outlets/65/""}]",True,dcim.poweroutlet,2026-03-01T05:02:03.428041Z,{},,"{""description"": """", ""display"": ""dmi01-scranton-rtr01"", ""id"": 26, ""name"": ""dmi01-scranton-rtr01"", ""url"": ""http://192.168.65.40:8000/api/dcim/devices/26/""}",PSU0,http://192.168.65.40:8000/dcim/power-ports/26/,26,,2026-03-01T05:02:27.315027Z,"[{""_occupied"": true, ""cable"": {""description"": """", ""display"": ""#40"", ""id"": 40, ""label"": """", ""url"": ""http://192.168.65.40:8000/api/dcim/cables/40/""}, ""description"": """", ""device"": {""description"": """", ""display"": ""dmi01-scranton-pdu01"", ""id"": 25, ""name"": ""dmi01-scranton-pdu01"", ""url"": ""http://192.168.65.40:8000/api/dcim/devices/25/""}, ""display"": ""Outlet 1"", ""id"": 65, ""name"": ""Outlet 1"", ""url"": ""http://192.168.65.40:8000/api/dcim/power-outlets/65/""}]",dcim.poweroutlet,False,150,,PSU0,,[],"{""label"": ""C14"", ""value"": ""iec-60320-c14""}",http://192.168.65.40:8000/api/dcim/power-ports/26/
True,,"{""description"": """", ""display"": ""#41"", ""id"": 41, ""label"": """", ""url"": ""http://192.168.65.40:8000/api/dcim/cables/41/""}",A,"[{""_occupied"": true, ""cable"": {""description"": """", ""display"": ""#41"", ""id"": 41, ""label"": """", ""url"": ""http://192.168.65.40:8000/api/dcim/cables/41/""}, ""description"": """", ""device"": {""description"": """", ""display"": ""dmi01-scranton-pdu01"", ""id"": 25, ""name"": ""dmi01-scranton-pdu01"", ""url"": ""http://192.168.65.40:8000/api/dcim/devices/25/""}, ""display"": ""Outlet 2"", ""id"": 66, ""name"": ""Outlet 2"", ""url"": ""http://192.168.65.40:8000/api/dcim/power-outlets/66/""}]",True,dcim.poweroutlet,2026-03-01T05:02:03.484797Z,{},,"{""description"": """", ""display"": ""dmi01-scranton-sw01"", ""id"": 27, ""name"": ""dmi01-scranton-sw01"", ""url"": ""http://192.168.65.40:8000/api/dcim/devices/27/""}",Power Port,http://192.168.65.40:8000/dcim/power-ports/27/,27,,2026-03-01T05:02:27.521142Z,"[{""_occupied"": true, ""cable"": {""description"": """", ""display"": ""#41"", ""id"": 41, ""label"": """", ""url"": ""http://192.168.65.40:8000/api/dcim/cables/41/""}, ""description"": """", ""device"": {""description"": """", ""display"": ""dmi01-scranton-pdu01"", ""id"": 25, ""name"": ""dmi01-scranton-pdu01"", ""url"": ""http://192.168.65.40:8000/api/dcim/devices/25/""}, ""display"": ""Outlet 2"", ""id"": 66, ""name"": ""Outlet 2"", ""url"": ""http://192.168.65.40:8000/api/dcim/power-outlets/66/""}]",dcim.poweroutlet,False,,,Power Port,,[],"{""label"": ""C14"", ""value"": ""iec-60320-c14""}",http://192.168.65.40:8000/api/dcim/power-ports/27/
False,,,,,,,2026-03-01T05:02:03.534849Z,{},,"{""description"": """", ""display"": ""dmi01-stamford-pdu01"", ""id"": 28, ""name"": ""dmi01-stamford-pdu01"", ""url"": ""http://192.168.65.40:8000/api/dcim/devices/28/""}",Input,http://192.168.65.40:8000/dcim/power-ports/28/,28,,2026-03-01T05:02:03.534868Z,[],,False,,,Input,,[],,http://192.168.65.40:8000/api/dcim/power-ports/28/
True,,"{""description"": """", ""display"": ""#42"", ""id"": 42, ""label"": """", ""url"": ""http://192.168.65.40:8000/api/dcim/cables/42/""}",A,"[{""_occupied"": true, ""cable"": {""description"": """", ""display"": ""#42"", ""id"": 42, ""label"": """", ""url"": ""http://192.168.65.40:8000/api/dcim/cables/42/""}, ""description"": """", ""device"": {""description"": """", ""display"": ""dmi01-stamford-pdu01"", ""id"": 28, ""name"": ""dmi01-stamford-pdu01"", ""url"": ""http://192.168.65.40:8000/api/dcim/devices/28/""}, ""display"": ""Outlet 1"", ""id"": 73, ""name"": ""Outlet 1"", ""url"": ""http://192.168.65.40:8000/api/dcim/power-outlets/73/""}]",True,dcim.poweroutlet,2026-03-01T05:02:03.586856Z,{},,"{""description"": """", ""display"": ""dmi01-stamford-rtr01"", ""id"": 29, ""name"": ""dmi01-stamford-rtr01"", ""url"": ""http://192.168.65.40:8000/api/dcim/devices/29/""}",PSU0,http://192.168.65.40:8000/dcim/power-ports/29/,29,,2026-03-01T05:02:27.723938Z,"[{""_occupied"": true, ""cable"": {""description"": """", ""display"": ""#42"", ""id"": 42, ""label"": """", ""url"": ""http://192.168.65.40:8000/api/dcim/cables/42/""}, ""description"": """", ""device"": {""description"": """", ""display"": ""dmi01-stamford-pdu01"", ""id"": 28, ""name"": ""dmi01-stamford-pdu01"", ""url"": ""http://192.168.65.40:8000/api/dcim/devices/28/""}, ""display"": ""Outlet 1"", ""id"": 73, ""name"": ""Outlet 1"", ""url"": ""http://192.168.65.40:8000/api/dcim/power-outlets/73/""}]",dcim.poweroutlet,False,150,,PSU0,,[],"{""label"": ""C14"", ""value"": ""iec-60320-c14""}",http://192.168.65.40:8000/api/dcim/power-ports/29/
True,,"{""description"": """", ""display"": ""#43"", ""id"": 43, ""label"": """", ""url"": ""http://192.168.65.40:8000/api/dcim/cables/43/""}",A,"[{""_occupied"": true, ""cable"": {""description"": """", ""display"": ""#43"", ""id"": 43, ""label"": """", ""url"": ""http://192.168.65.40:8000/api/dcim/cables/43/""}, ""description"": """", ""device"": {""description"": """", ""display"": ""dmi01-stamford-pdu01"", ""id"": 28, ""name"": ""dmi01-stamford-pdu01"", ""url"": ""http://192.168.65.40:8000/api/dcim/devices/28/""}, ""display"": ""Outlet 2"", ""id"": 74, ""name"": ""Outlet 2"", ""url"": ""http://192.168.65.40:8000/api/dcim/power-outlets/74/""}]",True,dcim.poweroutlet,2026-03-01T05:02:03.638232Z,{},,"{""description"": """", ""display"": ""dmi01-stamford-sw01"", ""id"": 30, ""name"": ""dmi01-stamford-sw01"", ""url"": ""http://192.168.65.40:8000/api/dcim/devices/30/""}",Power Port,http://192.168.65.40:8000/dcim/power-ports/30/,30,,2026-03-01T05:02:27.928153Z,"[{""_occupied"": true, ""cable"": {""description"": """", ""display"": ""#43"", ""id"": 43, ""label"": """", ""url"": ""http://192.168.65.40:8000/api/dcim/cables/43/""}, ""description"": """", ""device"": {""description"": """", ""display"": ""dmi01-stamford-pdu01"", ""id"": 28, ""name"": ""dmi01-stamford-pdu01"", ""url"": ""http://192.168.65.40:8000/api/dcim/devices/28/""}, ""display"": ""Outlet 2"", ""id"": 74, ""name"": ""Outlet 2"", ""url"": ""http://192.168.65.40:8000/api/dcim/power-outlets/74/""}]",dcim.poweroutlet,False,,,Power Port,,[],"{""label"": ""C14"", ""value"": ""iec-60320-c14""}",http://192.168.65.40:8000/api/dcim/power-ports/30/
False,,,,,,,2026-03-01T05:02:03.696018Z,{},,"{""description"": """", ""display"": ""dmi01-syracuse-pdu01"", ""id"": 31, ""name"": ""dmi01-syracuse-pdu01"", ""url"": ""http://192.168.65.40:8000/api/dcim/devices/31/""}",Input,http://192.168.65.40:8000/dcim/power-ports/31/,31,,2026-03-01T05:02:03.696037Z,[],,False,,,Input,,[],,http://192.168.65.40:8000/api/dcim/power-ports/31/
True,,"{""description"": """", ""display"": ""#44"", ""id"": 44, ""label"": """", ""url"": ""http://192.168.65.40:8000/api/dcim/cables/44/""}",A,"[{""_occupied"": true, ""cable"": {""description"": """", ""display"": ""#44"", ""id"": 44, ""label"": """", ""url"": ""http://192.168.65.40:8000/api/dcim/cables/44/""}, ""description"": """", ""device"": {""description"": """", ""display"": ""dmi01-syracuse-pdu01"", ""id"": 31, ""name"": ""dmi01-syracuse-pdu01"", ""url"": ""http://192.168.65.40:8000/api/dcim/devices/31/""}, ""display"": ""Outlet 1"", ""id"": 81, ""name"": ""Outlet 1"", ""url"": ""http://192.168.65.40:8000/api/dcim/power-outlets/81/""}]",True,dcim.poweroutlet,2026-03-01T05:02:03.747997Z,{},,"{""description"": """", ""display"": ""dmi01-syracuse-rtr01"", ""id"": 32, ""name"": ""dmi01-syracuse-rtr01"", ""url"": ""http://192.168.65.40:8000/api/dcim/devices/32/""}",PSU0,http://192.168.65.40:8000/dcim/power-ports/32/,32,,2026-03-01T05:02:28.131878Z,"[{""_occupied"": true, ""cable"": {""description"": """", ""display"": ""#44"", ""id"": 44, ""label"": """", ""url"": ""http://192.168.65.40:8000/api/dcim/cables/44/""}, ""description"": """", ""device"": {""description"": """", ""display"": ""dmi01-syracuse-pdu01"", ""id"": 31, ""name"": ""dmi01-syracuse-pdu01"", ""url"": ""http://192.168.65.40:8000/api/dcim/devices/31/""}, ""display"": ""Outlet 1"", ""id"": 81, ""name"": ""Outlet 1"", ""url"": ""http://192.168.65.40:8000/api/dcim/power-outlets/81/""}]",dcim.poweroutlet,False,150,,PSU0,,[],"{""label"": ""C14"", ""value"": ""iec-60320-c14""}",http://192.168.65.40:8000/api/dcim/power-ports/32/
True,,"{""description"": """", ""display"": ""#45"", ""id"": 45, ""label"": """", ""url"": ""http://192.168.65.40:8000/api/dcim/cables/45/""}",A,"[{""_occupied"": true, ""cable"": {""description"": """", ""display"": ""#45"", ""id"": 45, ""label"": """", ""url"": ""http://192.168.65.40:8000/api/dcim/cables/45/""}, ""description"": """", ""device"": {""description"": """", ""display"": ""dmi01-syracuse-pdu01"", ""id"": 31, ""name"": ""dmi01-syracuse-pdu01"", ""url"": ""http://192.168.65.40:8000/api/dcim/devices/31/""}, ""display"": ""Outlet 2"", ""id"": 82, ""name"": ""Outlet 2"", ""url"": ""http://192.168.65.40:8000/api/dcim/power-outlets/82/""}]",True,dcim.poweroutlet,2026-03-01T05:02:03.813289Z,{},,"{""description"": """", ""display"": ""dmi01-syracuse-sw01"", ""id"": 33, ""name"": ""dmi01-syracuse-sw01"", ""url"": ""http://192.168.65.40:8000/api/dcim/devices/33/""}",Power Port,http://192.168.65.40:8000/dcim/power-ports/33/,33,,2026-03-01T05:02:28.339346Z,"[{""_occupied"": true, ""cable"": {""description"": """", ""display"": ""#45"", ""id"": 45, ""label"": """", ""url"": ""http://192.168.65.40:8000/api/dcim/cables/45/""}, ""description"": """", ""device"": {""description"": """", ""display"": ""dmi01-syracuse-pdu01"", ""id"": 31, ""name"": ""dmi01-syracuse-pdu01"", ""url"": ""http://192.168.65.40:8000/api/dcim/devices/31/""}, ""display"": ""Outlet 2"", ""id"": 82, ""name"": ""Outlet 2"", ""url"": ""http://192.168.65.40:8000/api/dcim/power-outlets/82/""}]",dcim.poweroutlet,False,,,Power Port,,[],"{""label"": ""C14"", ""value"": ""iec-60320-c14""}",http://192.168.65.40:8000/api/dcim/power-ports/33/
False,,,,,,,2026-03-01T05:02:03.884033Z,{},,"{""description"": """", ""display"": ""dmi01-utica-pdu01"", ""id"": 34, ""name"": ""dmi01-utica-pdu01"", ""url"": ""http://192.168.65.40:8000/api/dcim/devices/34/""}",Input,http://192.168.65.40:8000/dcim/power-ports/34/,34,,2026-03-01T05:02:03.884052Z,[],,False,,,Input,,[],,http://192.168.65.40:8000/api/dcim/power-ports/34/
True,,"{""description"": """", ""display"": ""#46"", ""id"": 46, ""label"": """", ""url"": ""http://192.168.65.40:8000/api/dcim/cables/46/""}",A,"[{""_occupied"": true, ""cable"": {""description"": """", ""display"": ""#46"", ""id"": 46, ""label"": """", ""url"": ""http://192.168.65.40:8000/api/dcim/cables/46/""}, ""description"": """", ""device"": {""description"": """", ""display"": ""dmi01-utica-pdu01"", ""id"": 34, ""name"": ""dmi01-utica-pdu01"", ""url"": ""http://192.168.65.40:8000/api/dcim/devices/34/""}, ""display"": ""Outlet 1"", ""id"": 89, ""name"": ""Outlet 1"", ""url"": ""http://192.168.65.40:8000/api/dcim/power-outlets/89/""}]",True,dcim.poweroutlet,2026-03-01T05:02:03.939123Z,{},,"{""description"": """", ""display"": ""dmi01-utica-rtr01"", ""id"": 35, ""name"": ""dmi01-utica-rtr01"", ""url"": ""http://192.168.65.40:8000/api/dcim/devices/35/""}",PSU0,http://192.168.65.40:8000/dcim/power-ports/35/,35,,2026-03-01T05:02:28.545749Z,"[{""_occupied"": true, ""cable"": {""description"": """", ""display"": ""#46"", ""id"": 46, ""label"": """", ""url"": ""http://192.168.65.40:8000/api/dcim/cables/46/""}, ""description"": """", ""device"": {""description"": """", ""display"": ""dmi01-utica-pdu01"", ""id"": 34, ""name"": ""dmi01-utica-pdu01"", ""url"": ""http://192.168.65.40:8000/api/dcim/devices/34/""}, ""display"": ""Outlet 1"", ""id"": 89, ""name"": ""Outlet 1"", ""url"": ""http://192.168.65.40:8000/api/dcim/power-outlets/89/""}]",dcim.poweroutlet,False,150,,PSU0,,[],"{""label"": ""C14"", ""value"": ""iec-60320-c14""}",http://192.168.65.40:8000/api/dcim/power-ports/35/
True,,"{""description"": """", ""display"": ""#47"", ""id"": 47, ""label"": """", ""url"": ""http://192.168.65.40:8000/api/dcim/cables/47/""}",A,"[{""_occupied"": true, ""cable"": {""description"": """", ""display"": ""#47"", ""id"": 47, ""label"": """", ""url"": ""http://192.168.65.40:8000/api/dcim/cables/47/""}, ""description"": """", ""device"": {""description"": """", ""display"": ""dmi01-utica-pdu01"", ""id"": 34, ""name"": ""dmi01-utica-pdu01"", ""url"": ""http://192.168.65.40:8000/api/dcim/devices/34/""}, ""display"": ""Outlet 2"", ""id"": 90, ""name"": ""Outlet 2"", ""url"": ""http://192.168.65.40:8000/api/dcim/power-outlets/90/""}]",True,dcim.poweroutlet,2026-03-01T05:02:04.002026Z,{},,"{""description"": """", ""display"": ""dmi01-utica-sw01"", ""id"": 36, ""name"": ""dmi01-utica-sw01"", ""url"": ""http://192.168.65.40:8000/api/dcim/devices/36/""}",Power Port,http://192.168.65.40:8000/dcim/power-ports/36/,36,,2026-03-01T05:02:28.747735Z,"[{""_occupied"": true, ""cable"": {""description"": """", ""display"": ""#47"", ""id"": 47, ""label"": """", ""url"": ""http://192.168.65.40:8000/api/dcim/cables/47/""}, ""description"": """", ""device"": {""description"": """", ""display"": ""dmi01-utica-pdu01"", ""id"": 34, ""name"": ""dmi01-utica-pdu01"", ""url"": ""http://192.168.65.40:8000/api/dcim/devices/34/""}, ""display"": ""Outlet 2"", ""id"": 90, ""name"": ""Outlet 2"", ""url"": ""http://192.168.65.40:8000/api/dcim/power-outlets/90/""}]",dcim.poweroutlet,False,,,Power Port,,[],"{""label"": ""C14"", ""value"": ""iec-60320-c14""}",http://192.168.65.40:8000/api/dcim/power-ports/36/
False,,,,,,,2026-03-01T05:02:04.054453Z,{},,"{""description"": """", ""display"": ""dmi01-yonkers-pdu01"", ""id"": 37, ""name"": ""dmi01-yonkers-pdu01"", ""url"": ""http://192.168.65.40:8000/api/dcim/devices/37/""}",Input,http://192.168.65.40:8000/dcim/power-ports/37/,37,,2026-03-01T05:02:04.054472Z,[],,False,,,Input,,[],,http://192.168.65.40:8000/api/dcim/power-ports/37/
True,,"{""description"": """", ""display"": ""#48"", ""id"": 48, ""label"": """", ""url"": ""http://192.168.65.40:8000/api/dcim/cables/48/""}",A,"[{""_occupied"": true, ""cable"": {""description"": """", ""display"": ""#48"", ""id"": 48, ""label"": """", ""url"": ""http://192.168.65.40:8000/api/dcim/cables/48/""}, ""description"": """", ""device"": {""description"": """", ""display"": ""dmi01-yonkers-pdu01"", ""id"": 37, ""name"": ""dmi01-yonkers-pdu01"", ""url"": ""http://192.168.65.40:8000/api/dcim/devices/37/""}, ""display"": ""Outlet 1"", ""id"": 97, ""name"": ""Outlet 1"", ""url"": ""http://192.168.65.40:8000/api/dcim/power-outlets/97/""}]",True,dcim.poweroutlet,2026-03-01T05:02:04.113190Z,{},,"{""description"": """", ""display"": ""dmi01-yonkers-rtr01"", ""id"": 38, ""name"": ""dmi01-yonkers-rtr01"", ""url"": ""http://192.168.65.40:8000/api/dcim/devices/38/""}",PSU0,http://192.168.65.40:8000/dcim/power-ports/38/,38,,2026-03-01T05:02:28.953275Z,"[{""_occupied"": true, ""cable"": {""description"": """", ""display"": ""#48"", ""id"": 48, ""label"": """", ""url"": ""http://192.168.65.40:8000/api/dcim/cables/48/""}, ""description"": """", ""device"": {""description"": """", ""display"": ""dmi01-yonkers-pdu01"", ""id"": 37, ""name"": ""dmi01-yonkers-pdu01"", ""url"": ""http://192.168.65.40:8000/api/dcim/devices/37/""}, ""display"": ""Outlet 1"", ""id"": 97, ""name"": ""Outlet 1"", ""url"": ""http://192.168.65.40:8000/api/dcim/power-outlets/97/""}]",dcim.poweroutlet,False,150,,PSU0,,[],"{""label"": ""C14"", ""value"": ""iec-60320-c14""}",http://192.168.65.40:8000/api/dcim/power-ports/38/
True,,"{""description"": """", ""display"": ""#49"", ""id"": 49, ""label"": """", ""url"": ""http://192.168.65.40:8000/api/dcim/cables/49/""}",A,"[{""_occupied"": true, ""cable"": {""description"": """", ""display"": ""#49"", ""id"": 49, ""label"": """", ""url"": ""http://192.168.65.40:8000/api/dcim/cables/49/""}, ""description"": """", ""device"": {""description"": """", ""display"": ""dmi01-yonkers-pdu01"", ""id"": 37, ""name"": ""dmi01-yonkers-pdu01"", ""url"": ""http://192.168.65.40:8000/api/dcim/devices/37/""}, ""display"": ""Outlet 2"", ""id"": 98, ""name"": ""Outlet 2"", ""url"": ""http://192.168.65.40:8000/api/dcim/power-outlets/98/""}]",True,dcim.poweroutlet,2026-03-01T05:02:04.166960Z,{},,"{""description"": """", ""display"": ""dmi01-yonkers-sw01"", ""id"": 39, ""name"": ""dmi01-yonkers-sw01"", ""url"": ""http://192.168.65.40:8000/api/dcim/devices/39/""}",Power Port,http://192.168.65.40:8000/dcim/power-ports/39/,39,,2026-03-01T05:02:29.200821Z,"[{""_occupied"": true, ""cable"": {""description"": """", ""display"": ""#49"", ""id"": 49, ""label"": """", ""url"": ""http://192.168.65.40:8000/api/dcim/cables/49/""}, ""description"": """", ""device"": {""description"": """", ""display"": ""dmi01-yonkers-pdu01"", ""id"": 37, ""name"": ""dmi01-yonkers-pdu01"", ""url"": ""http://192.168.65.40:8000/api/dcim/devices/37/""}, ""display"": ""Outlet 2"", ""id"": 98, ""name"": ""Outlet 2"", ""url"": ""http://192.168.65.40:8000/api/dcim/power-outlets/98/""}]",dcim.poweroutlet,False,,,Power Port,,[],"{""label"": ""C14"", ""value"": ""iec-60320-c14""}",http://192.168.65.40:8000/api/dcim/power-ports/39/
False,,,,,,,2026-03-01T05:02:04.247098Z,{},,"{""description"": """", ""display"": ""ncsu-coreswitch1"", ""id"": 40, ""name"": ""ncsu-coreswitch1"", ""url"": ""http://192.168.65.40:8000/api/dcim/devices/40/""}",PSU0,http://192.168.65.40:8000/dcim/power-ports/40/,40,,2026-03-01T05:02:04.247118Z,[],,False,,,PSU0,,[],"{""label"": ""C20"", ""value"": ""iec-60320-c20""}",http://192.168.65.40:8000/api/dcim/power-ports/40/
False,,,,,,,2026-03-01T05:02:04.298231Z,{},,"{""description"": """", ""display"": ""ncsu-coreswitch1"", ""id"": 40, ""name"": ""ncsu-coreswitch1"", ""url"": ""http://192.168.65.40:8000/api/dcim/devices/40/""}",PSU1,http://192.168.65.40:8000/dcim/power-ports/41/,41,,2026-03-01T05:02:04.298250Z,[],,False,,,PSU1,,[],"{""label"": ""C20"", ""value"": ""iec-60320-c20""}",http://192.168.65.40:8000/api/dcim/power-ports/41/
False,,,,,,,2026-03-01T05:02:04.376182Z,{},,"{""description"": """", ""display"": ""ncsu-coreswitch1"", ""id"": 40, ""name"": ""ncsu-coreswitch1"", ""url"": ""http://192.168.65.40:8000/api/dcim/devices/40/""}",PSU2,http://192.168.65.40:8000/dcim/power-ports/42/,42,,2026-03-01T05:02:04.376202Z,[],,False,,,PSU2,,[],"{""label"": ""C20"", ""value"": ""iec-60320-c20""}",http://192.168.65.40:8000/api/dcim/power-ports/42/
False,,,,,,,2026-03-01T05:02:04.431086Z,{},,"{""description"": """", ""display"": ""ncsu-coreswitch1"", ""id"": 40, ""name"": ""ncsu-coreswitch1"", ""url"": ""http://192.168.65.40:8000/api/dcim/devices/40/""}",PSU3,http://192.168.65.40:8000/dcim/power-ports/43/,43,,2026-03-01T05:02:04.431105Z,[],,False,,,PSU3,,[],"{""label"": ""C20"", ""value"": ""iec-60320-c20""}",http://192.168.65.40:8000/api/dcim/power-ports/43/
False,,,,,,,2026-03-01T05:02:04.489222Z,{},,"{""description"": """", ""display"": ""ncsu-coreswitch2"", ""id"": 41, ""name"": ""ncsu-coreswitch2"", ""url"": ""http://192.168.65.40:8000/api/dcim/devices/41/""}",PSU0,http://192.168.65.40:8000/dcim/power-ports/44/,44,,2026-03-01T05:02:04.489241Z,[],,False,,,PSU0,,[],"{""label"": ""C20"", ""value"": ""iec-60320-c20""}",http://192.168.65.40:8000/api/dcim/power-ports/44/
False,,,,,,,2026-03-01T05:02:04.541755Z,{},,"{""description"": """", ""display"": ""ncsu-coreswitch2"", ""id"": 41, ""name"": ""ncsu-coreswitch2"", ""url"": ""http://192.168.65.40:8000/api/dcim/devices/41/""}",PSU1,http://192.168.65.40:8000/dcim/power-ports/45/,45,,2026-03-01T05:02:04.541774Z,[],,False,,,PSU1,,[],"{""label"": ""C20"", ""value"": ""iec-60320-c20""}",http://192.168.65.40:8000/api/dcim/power-ports/45/
False,,,,,,,2026-03-01T05:02:04.595524Z,{},,"{""description"": """", ""display"": ""ncsu-coreswitch2"", ""id"": 41, ""name"": ""ncsu-coreswitch2"", ""url"": ""http://192.168.65.40:8000/api/dcim/devices/41/""}",PSU2,http://192.168.65.40:8000/dcim/power-ports/46/,46,,2026-03-01T05:02:04.595543Z,[],,False,,,PSU2,,[],"{""label"": ""C20"", ""value"": ""iec-60320-c20""}",http://192.168.65.40:8000/api/dcim/power-ports/46/
False,,,,,,,2026-03-01T05:02:04.650049Z,{},,"{""description"": """", ""display"": ""ncsu-coreswitch2"", ""id"": 41, ""name"": ""ncsu-coreswitch2"", ""url"": ""http://192.168.65.40:8000/api/dcim/devices/41/""}",PSU3,http://192.168.65.40:8000/dcim/power-ports/47/,47,,2026-03-01T05:02:04.650069Z,[],,False,,,PSU3,,[],"{""label"": ""C20"", ""value"": ""iec-60320-c20""}",http://192.168.65.40:8000/api/dcim/power-ports/47/
False,,,,,,,2026-03-01T05:02:04.704741Z,{},,"{""description"": """", ""display"": ""ncsu117-distswitch1"", ""id"": 42, ""name"": ""ncsu117-distswitch1"", ""url"": ""http://192.168.65.40:8000/api/dcim/devices/42/""}",PSU0,http://192.168.65.40:8000/dcim/power-ports/48/,48,,2026-03-01T05:02:04.704760Z,[],,False,650,,PSU0,,[],"{""label"": ""C14"", ""value"": ""iec-60320-c14""}",http://192.168.65.40:8000/api/dcim/power-ports/48/
False,,,,,,,2026-03-01T05:02:04.761261Z,{},,"{""description"": """", ""display"": ""ncsu117-distswitch1"", ""id"": 42, ""name"": ""ncsu117-distswitch1"", ""url"": ""http://192.168.65.40:8000/api/dcim/devices/42/""}",PSU1,http://192.168.65.40:8000/dcim/power-ports/49/,49,,2026-03-01T05:02:04.761280Z,[],,False,650,,PSU1,,[],"{""label"": ""C14"", ""value"": ""iec-60320-c14""}",http://192.168.65.40:8000/api/dcim/power-ports/49/
False,,,,,,,2026-03-01T05:02:04.814776Z,{},,"{""description"": """", ""display"": ""ncsu118-distswitch1"", ""id"": 43, ""name"": ""ncsu118-distswitch1"", ""url"": ""http://192.168.65.40:8000/api/dcim/devices/43/""}",PSU0,http://192.168.65.40:8000/dcim/power-ports/50/,50,,2026-03-01T05:02:04.814795Z,[],,False,650,,PSU0,,[],"{""label"": ""C14"", ""value"": ""iec-60320-c14""}",http://192.168.65.40:8000/api/dcim/power-ports/50/
False,,,,,,,2026-03-01T05:02:04.874292Z,{},,"{""description"": """", ""display"": ""ncsu118-distswitch1"", ""id"": 43, ""name"": ""ncsu118-distswitch1"", ""url"": ""http://192.168.65.40:8000/api/dcim/devices/43/""}",PSU1,http://192.168.65.40:8000/dcim/power-ports/51/,51,,2026-03-01T05:02:04.874316Z,[],,False,650,,PSU1,,[],"{""label"": ""C14"", ""value"": ""iec-60320-c14""}",http://192.168.65.40:8000/api/dcim/power-ports/51/
False,,,,,,,2026-03-01T05:02:04.945269Z,{},,"{""description"": """", ""display"": ""ncsu128-distswitch1"", ""id"": 44, ""name"": ""ncsu128-distswitch1"", ""url"": ""http://192.168.65.40:8000/api/dcim/devices/44/""}",PSU0,http://192.168.65.40:8000/dcim/power-ports/52/,52,,2026-03-01T05:02:04.945290Z,[],,False,650,,PSU0,,[],"{""label"": ""C14"", ""value"": ""iec-60320-c14""}",http://192.168.65.40:8000/api/dcim/power-ports/52/
False,,,,,,,2026-03-01T05:02:05.005747Z,{},,"{""description"": """", ""display"": ""ncsu128-distswitch1"", ""id"": 44, ""name"": ""ncsu128-distswitch1"", ""url"": ""http://192.168.65.40:8000/api/dcim/devices/44/""}",PSU1,http://192.168.65.40:8000/dcim/power-ports/53/,53,,2026-03-01T05:02:05.005766Z,[],,False,650,,PSU1,,[],"{""label"": ""C14"", ""value"": ""iec-60320-c14""}",http://192.168.65.40:8000/api/dcim/power-ports/53/
False,,,,,,,2026-03-01T05:02:05.059636Z,{},,"{""description"": """", ""display"": ""r105-torsw:1"", ""id"": 64, ""name"": null, ""url"": ""http://192.168.65.40:8000/api/dcim/devices/64/""}",PSU0,http://192.168.65.40:8000/dcim/power-ports/54/,54,,2026-03-01T05:02:05.059655Z,[],,False,,,PSU0,,[],"{""label"": ""C14"", ""value"": ""iec-60320-c14""}",http://192.168.65.40:8000/api/dcim/power-ports/54/
False,,,,,,,2026-03-01T05:02:06.143783Z,{},,"{""description"": """", ""display"": ""r105-torsw:1"", ""id"": 64, ""name"": null, ""url"": ""http://192.168.65.40:8000/api/dcim/devices/64/""}",PSU1,http://192.168.65.40:8000/dcim/power-ports/55/,55,,2026-03-01T05:02:06.143802Z,[],,False,,,PSU1,,[],"{""label"": ""C14"", ""value"": ""iec-60320-c14""}",http://192.168.65.40:8000/api/dcim/power-ports/55/
False,,,,,,,2026-03-01T05:02:06.212795Z,{},,"{""description"": """", ""display"": ""Juniper QFX5100-48T-6Q (65)"", ""id"": 65, ""name"": null, ""url"": ""http://192.168.65.40:8000/api/dcim/devices/65/""}",PSU0,http://192.168.65.40:8000/dcim/power-ports/56/,56,,2026-03-01T05:02:06.212815Z,[],,False,,,PSU0,,[],"{""label"": ""C14"", ""value"": ""iec-60320-c14""}",http://192.168.65.40:8000/api/dcim/power-ports/56/
False,,,,,,,2026-03-01T05:02:06.274235Z,{},,"{""description"": """", ""display"": ""Juniper QFX5100-48T-6Q (65)"", ""id"": 65, ""name"": null, ""url"": ""http://192.168.65.40:8000/api/dcim/devices/65/""}",PSU1,http://192.168.65.40:8000/dcim/power-ports/57/,57,,2026-03-01T05:02:06.274254Z,[],,False,,,PSU1,,[],"{""label"": ""C14"", ""value"": ""iec-60320-c14""}",http://192.168.65.40:8000/api/dcim/power-ports/57/
False,,,,,,,2026-03-01T05:02:07.358480Z,{},,"{""description"": """", ""display"": ""r106-torsw:1"", ""id"": 66, ""name"": null, ""url"": ""http://192.168.65.40:8000/api/dcim/devices/66/""}",PSU0,http://192.168.65.40:8000/dcim/power-ports/58/,58,,2026-03-01T05:02:07.358500Z,[],,False,,,PSU0,,[],"{""label"": ""C14"", ""value"": ""iec-60320-c14""}",http://192.168.65.40:8000/api/dcim/power-ports/58/
False,,,,,,,2026-03-01T05:02:07.418889Z,{},,"{""description"": """", ""display"": ""r106-torsw:1"", ""id"": 66, ""name"": null, ""url"": ""http://192.168.65.40:8000/api/dcim/devices/66/""}",PSU1,http://192.168.65.40:8000/dcim/power-ports/59/,59,,2026-03-01T05:02:07.418910Z,[],,False,,,PSU1,,[],"{""label"": ""C14"", ""value"": ""iec-60320-c14""}",http://192.168.65.40:8000/api/dcim/power-ports/59/
False,,,,,,,2026-03-01T05:02:07.475665Z,{},,"{""description"": """", ""display"": ""Juniper QFX5100-48T-6Q (67)"", ""id"": 67, ""name"": null, ""url"": ""http://192.168.65.40:8000/api/dcim/devices/67/""}",PSU0,http://192.168.65.40:8000/dcim/power-ports/60/,60,,2026-03-01T05:02:07.475684Z,[],,False,,,PSU0,,[],"{""label"": ""C14"", ""value"": ""iec-60320-c14""}",http://192.168.65.40:8000/api/dcim/power-ports/60/
False,,,,,,,2026-03-01T05:02:07.533478Z,{},,"{""description"": """", ""display"": ""Juniper QFX5100-48T-6Q (67)"", ""id"": 67, ""name"": null, ""url"": ""http://192.168.65.40:8000/api/dcim/devices/67/""}",PSU1,http://192.168.65.40:8000/dcim/power-ports/61/,61,,2026-03-01T05:02:07.533498Z,[],,False,,,PSU1,,[],"{""label"": ""C14"", ""value"": ""iec-60320-c14""}",http://192.168.65.40:8000/api/dcim/power-ports/61/
False,,,,,,,2026-03-01T05:02:07.597498Z,{},,"{""description"": """", ""display"": ""r107-torsw:1"", ""id"": 68, ""name"": null, ""url"": ""http://192.168.65.40:8000/api/dcim/devices/68/""}",PSU0,http://192.168.65.40:8000/dcim/power-ports/62/,62,,2026-03-01T05:02:07.597518Z,[],,False,,,PSU0,,[],"{""label"": ""C14"", ""value"": ""iec-60320-c14""}",http://192.168.65.40:8000/api/dcim/power-ports/62/
False,,,,,,,2026-03-01T05:02:07.652664Z,{},,"{""description"": """", ""display"": ""r107-torsw:1"", ""id"": 68, ""name"": null, ""url"": ""http://192.168.65.40:8000/api/dcim/devices/68/""}",PSU1,http://192.168.65.40:8000/dcim/power-ports/63/,63,,2026-03-01T05:02:07.652684Z,[],,False,,,PSU1,,[],"{""label"": ""C14"", ""value"": ""iec-60320-c14""}",http://192.168.65.40:8000/api/dcim/power-ports/63/
False,,,,,,,2026-03-01T05:02:07.741375Z,{},,"{""description"": """", ""display"": ""Juniper QFX5100-48T-6Q (69)"", ""id"": 69, ""name"": null, ""url"": ""http://192.168.65.40:8000/api/dcim/devices/69/""}",PSU0,http://192.168.65.40:8000/dcim/power-ports/64/,64,,2026-03-01T05:02:07.741395Z,[],,False,,,PSU0,,[],"{""label"": ""C14"", ""value"": ""iec-60320-c14""}",http://192.168.65.40:8000/api/dcim/power-ports/64/
False,,,,,,,2026-03-01T05:02:07.868202Z,{},,"{""description"": """", ""display"": ""Juniper QFX5100-48T-6Q (69)"", ""id"": 69, ""name"": null, ""url"": ""http://192.168.65.40:8000/api/dcim/devices/69/""}",PSU1,http://192.168.65.40:8000/dcim/power-ports/65/,65,,2026-03-01T05:02:07.868226Z,[],,False,,,PSU1,,[],"{""label"": ""C14"", ""value"": ""iec-60320-c14""}",http://192.168.65.40:8000/api/dcim/power-ports/65/
False,,,,,,,2026-03-01T05:02:07.944035Z,{},,"{""description"": """", ""display"": ""r108-torsw:1"", ""id"": 70, ""name"": null, ""url"": ""http://192.168.65.40:8000/api/dcim/devices/70/""}",PSU0,http://192.168.65.40:8000/dcim/power-ports/66/,66,,2026-03-01T05:02:07.944055Z,[],,False,,,PSU0,,[],"{""label"": ""C14"", ""value"": ""iec-60320-c14""}",http://192.168.65.40:8000/api/dcim/power-ports/66/
False,,,,,,,2026-03-01T05:02:08.004681Z,{},,"{""description"": """", ""display"": ""r108-torsw:1"", ""id"": 70, ""name"": null, ""url"": ""http://192.168.65.40:8000/api/dcim/devices/70/""}",PSU1,http://192.168.65.40:8000/dcim/power-ports/67/,67,,2026-03-01T05:02:08.004701Z,[],,False,,,PSU1,,[],"{""label"": ""C14"", ""value"": ""iec-60320-c14""}",http://192.168.65.40:8000/api/dcim/power-ports/67/
False,,,,,,,2026-03-01T05:02:08.071575Z,{},,"{""description"": """", ""display"": ""Juniper QFX5100-48T-6Q (71)"", ""id"": 71, ""name"": null, ""url"": ""http://192.168.65.40:8000/api/dcim/devices/71/""}",PSU0,http://192.168.65.40:8000/dcim/power-ports/68/,68,,2026-03-01T05:02:08.071595Z,[],,False,,,PSU0,,[],"{""label"": ""C14"", ""value"": ""iec-60320-c14""}",http://192.168.65.40:8000/api/dcim/power-ports/68/
False,,,,,,,2026-03-01T05:02:08.138104Z,{},,"{""description"": """", ""display"": ""Juniper QFX5100-48T-6Q (71)"", ""id"": 71, ""name"": null, ""url"": ""http://192.168.65.40:8000/api/dcim/devices/71/""}",PSU1,http://192.168.65.40:8000/dcim/power-ports/69/,69,,2026-03-01T05:02:08.138123Z,[],,False,,,PSU1,,[],"{""label"": ""C14"", ""value"": ""iec-60320-c14""}",http://192.168.65.40:8000/api/dcim/power-ports/69/
False,,,,,,,2026-03-01T05:02:08.196405Z,{},,"{""description"": """", ""display"": ""Lenovo Flex system (72)"", ""id"": 72, ""name"": null, ""url"": ""http://192.168.65.40:8000/api/dcim/devices/72/""}",PSU0,http://192.168.65.40:8000/dcim/power-ports/70/,70,,2026-03-01T05:02:08.196427Z,[],,False,,,PSU0,,[],"{""label"": ""C20"", ""value"": ""iec-60320-c20""}",http://192.168.65.40:8000/api/dcim/power-ports/70/
False,,,,,,,2026-03-01T05:02:08.254232Z,{},,"{""description"": """", ""display"": ""Lenovo Flex system (72)"", ""id"": 72, ""name"": null, ""url"": ""http://192.168.65.40:8000/api/dcim/devices/72/""}",PSU1,http://192.168.65.40:8000/dcim/power-ports/71/,71,,2026-03-01T05:02:08.254251Z,[],,False,,,PSU1,,[],"{""label"": ""C20"", ""value"": ""iec-60320-c20""}",http://192.168.65.40:8000/api/dcim/power-ports/71/
False,,,,,,,2026-03-01T05:02:08.314696Z,{},,"{""description"": """", ""display"": ""Lenovo Flex system (72)"", ""id"": 72, ""name"": null, ""url"": ""http://192.168.65.40:8000/api/dcim/devices/72/""}",PSU2,http://192.168.65.40:8000/dcim/power-ports/72/,72,,2026-03-01T05:02:08.314715Z,[],,False,,,PSU2,,[],"{""label"": ""C20"", ""value"": ""iec-60320-c20""}",http://192.168.65.40:8000/api/dcim/power-ports/72/
False,,,,,,,2026-03-01T05:02:08.372300Z,{},,"{""description"": """", ""display"": ""Lenovo Flex system (72)"", ""id"": 72, ""name"": null, ""url"": ""http://192.168.65.40:8000/api/dcim/devices/72/""}",PSU3,http://192.168.65.40:8000/dcim/power-ports/73/,73,,2026-03-01T05:02:08.372319Z,[],,False,,,PSU3,,[],"{""label"": ""C20"", ""value"": ""iec-60320-c20""}",http://192.168.65.40:8000/api/dcim/power-ports/73/
False,,,,,,,2026-03-01T05:02:08.434174Z,{},,"{""description"": """", ""display"": ""Lenovo Flex system (72)"", ""id"": 72, ""name"": null, ""url"": ""http://192.168.65.40:8000/api/dcim/devices/72/""}",PSU4,http://192.168.65.40:8000/dcim/power-ports/74/,74,,2026-03-01T05:02:08.434193Z,[],,False,,,PSU4,,[],"{""label"": ""C20"", ""value"": ""iec-60320-c20""}",http://192.168.65.40:8000/api/dcim/power-ports/74/
False,,,,,,,2026-03-01T05:02:08.493574Z,{},,"{""description"": """", ""display"": ""Lenovo Flex system (72)"", ""id"": 72, ""name"": null, ""url"": ""http://192.168.65.40:8000/api/dcim/devices/72/""}",PSU5,http://192.168.65.40:8000/dcim/power-ports/75/,75,,2026-03-01T05:02:08.493593Z,[],,False,,,PSU5,,[],"{""label"": ""C20"", ""value"": ""iec-60320-c20""}",http://192.168.65.40:8000/api/dcim/power-ports/75/
False,,,,,,,2026-03-01T06:35:22.120192Z,{},,"{""description"": """", ""display"": ""Juniper QFX5100-48T-6Q (87)"", ""id"": 87, ""name"": null, ""url"": ""http://192.168.65.40:8000/api/dcim/devices/87/""}",PSU0,http://192.168.65.40:8000/dcim/power-ports/76/,76,,2026-03-01T06:35:22.120212Z,[],,False,,,PSU0,,[],"{""label"": ""C14"", ""value"": ""iec-60320-c14""}",http://192.168.65.40:8000/api/dcim/power-ports/76/
False,,,,,,,2026-03-01T06:35:22.181206Z,{},,"{""description"": """", ""display"": ""Juniper QFX5100-48T-6Q (87)"", ""id"": 87, ""name"": null, ""url"": ""http://192.168.65.40:8000/api/dcim/devices/87/""}",PSU1,http://192.168.65.40:8000/dcim/power-ports/77/,77,,2026-03-01T06:35:22.181226Z,[],,False,,,PSU1,,[],"{""label"": ""C14"", ""value"": ""iec-60320-c14""}",http://192.168.65.40:8000/api/dcim/power-ports/77/
False,,,,,,,2026-03-01T06:35:22.242882Z,{},,"{""description"": """", ""display"": ""Juniper QFX5100-48T-6Q (89)"", ""id"": 89, ""name"": null, ""url"": ""http://192.168.65.40:8000/api/dcim/devices/89/""}",PSU0,http://192.168.65.40:8000/dcim/power-ports/78/,78,,2026-03-01T06:35:22.242902Z,[],,False,,,PSU0,,[],"{""label"": ""C14"", ""value"": ""iec-60320-c14""}",http://192.168.65.40:8000/api/dcim/power-ports/78/
False,,,,,,,2026-03-01T06:35:23.410804Z,{},,"{""description"": """", ""display"": ""Juniper QFX5100-48T-6Q (89)"", ""id"": 89, ""name"": null, ""url"": ""http://192.168.65.40:8000/api/dcim/devices/89/""}",PSU1,http://192.168.65.40:8000/dcim/power-ports/79/,79,,2026-03-01T06:35:23.410829Z,[],,False,,,PSU1,,[],"{""label"": ""C14"", ""value"": ""iec-60320-c14""}",http://192.168.65.40:8000/api/dcim/power-ports/79/
False,,,,,,,2026-03-01T06:35:23.831614Z,{},,"{""description"": """", ""display"": ""Juniper QFX5100-48T-6Q (91)"", ""id"": 91, ""name"": null, ""url"": ""http://192.168.65.40:8000/api/dcim/devices/91/""}",PSU0,http://192.168.65.40:8000/dcim/power-ports/80/,80,,2026-03-01T06:35:23.831642Z,[],,False,,,PSU0,,[],"{""label"": ""C14"", ""value"": ""iec-60320-c14""}",http://192.168.65.40:8000/api/dcim/power-ports/80/
False,,,,,,,2026-03-01T06:35:24.061885Z,{},,"{""description"": """", ""display"": ""Juniper QFX5100-48T-6Q (91)"", ""id"": 91, ""name"": null, ""url"": ""http://192.168.65.40:8000/api/dcim/devices/91/""}",PSU1,http://192.168.65.40:8000/dcim/power-ports/81/,81,,2026-03-01T06:35:24.061910Z,[],,False,,,PSU1,,[],"{""label"": ""C14"", ""value"": ""iec-60320-c14""}",http://192.168.65.40:8000/api/dcim/power-ports/81/
False,,,,,,,2026-03-01T06:35:25.415879Z,{},,"{""description"": """", ""display"": ""Juniper QFX5100-48T-6Q (93)"", ""id"": 93, ""name"": null, ""url"": ""http://192.168.65.40:8000/api/dcim/devices/93/""}",PSU0,http://192.168.65.40:8000/dcim/power-ports/82/,82,,2026-03-01T06:35:25.415899Z,[],,False,,,PSU0,,[],"{""label"": ""C14"", ""value"": ""iec-60320-c14""}",http://192.168.65.40:8000/api/dcim/power-ports/82/
False,,,,,,,2026-03-01T06:35:25.500311Z,{},,"{""description"": """", ""display"": ""Juniper QFX5100-48T-6Q (93)"", ""id"": 93, ""name"": null, ""url"": ""http://192.168.65.40:8000/api/dcim/devices/93/""}",PSU1,http://192.168.65.40:8000/dcim/power-ports/83/,83,,2026-03-01T06:35:25.500330Z,[],,False,,,PSU1,,[],"{""label"": ""C14"", ""value"": ""iec-60320-c14""}",http://192.168.65.40:8000/api/dcim/power-ports/83/
False,,,,,,,2026-03-01T06:35:25.579082Z,{},,"{""description"": """", ""display"": ""Lenovo Flex system (94)"", ""id"": 94, ""name"": null, ""url"": ""http://192.168.65.40:8000/api/dcim/devices/94/""}",PSU0,http://192.168.65.40:8000/dcim/power-ports/84/,84,,2026-03-01T06:35:25.579101Z,[],,False,,,PSU0,,[],"{""label"": ""C20"", ""value"": ""iec-60320-c20""}",http://192.168.65.40:8000/api/dcim/power-ports/84/
False,,,,,,,2026-03-01T06:35:25.643371Z,{},,"{""description"": """", ""display"": ""Lenovo Flex system (94)"", ""id"": 94, ""name"": null, ""url"": ""http://192.168.65.40:8000/api/dcim/devices/94/""}",PSU1,http://192.168.65.40:8000/dcim/power-ports/85/,85,,2026-03-01T06:35:25.643390Z,[],,False,,,PSU1,,[],"{""label"": ""C20"", ""value"": ""iec-60320-c20""}",http://192.168.65.40:8000/api/dcim/power-ports/85/
False,,,,,,,2026-03-01T06:35:25.699835Z,{},,"{""description"": """", ""display"": ""Lenovo Flex system (94)"", ""id"": 94, ""name"": null, ""url"": ""http://192.168.65.40:8000/api/dcim/devices/94/""}",PSU2,http://192.168.65.40:8000/dcim/power-ports/86/,86,,2026-03-01T06:35:25.699854Z,[],,False,,,PSU2,,[],"{""label"": ""C20"", ""value"": ""iec-60320-c20""}",http://192.168.65.40:8000/api/dcim/power-ports/86/
False,,,,,,,2026-03-01T06:35:25.760186Z,{},,"{""description"": """", ""display"": ""Lenovo Flex system (94)"", ""id"": 94, ""name"": null, ""url"": ""http://192.168.65.40:8000/api/dcim/devices/94/""}",PSU3,http://192.168.65.40:8000/dcim/power-ports/87/,87,,2026-03-01T06:35:25.760204Z,[],,False,,,PSU3,,[],"{""label"": ""C20"", ""value"": ""iec-60320-c20""}",http://192.168.65.40:8000/api/dcim/power-ports/87/
False,,,,,,,2026-03-01T06:35:25.819255Z,{},,"{""description"": """", ""display"": ""Lenovo Flex system (94)"", ""id"": 94, ""name"": null, ""url"": ""http://192.168.65.40:8000/api/dcim/devices/94/""}",PSU4,http://192.168.65.40:8000/dcim/power-ports/88/,88,,2026-03-01T06:35:25.819274Z,[],,False,,,PSU4,,[],"{""label"": ""C20"", ""value"": ""iec-60320-c20""}",http://192.168.65.40:8000/api/dcim/power-ports/88/
False,,,,,,,2026-03-01T06:35:25.875010Z,{},,"{""description"": """", ""display"": ""Lenovo Flex system (94)"", ""id"": 94, ""name"": null, ""url"": ""http://192.168.65.40:8000/api/dcim/devices/94/""}",PSU5,http://192.168.65.40:8000/dcim/power-ports/89/,89,,2026-03-01T06:35:25.875030Z,[],,False,,,PSU5,,[],"{""label"": ""C20"", ""value"": ""iec-60320-c20""}",http://192.168.65.40:8000/api/dcim/power-ports/89/
